Jewelry_Type,Material_Composition,Manufacturing_Stage,Surface_Roughness,Polish_Quality,Engraving_Depth,Structural_Integrity,Reflection_Index,Defect_Type
Earring,Pure Silver,Raw Casting,0.6650937441577706,0.8922182126066751,0.7452654954754127,0.3033449831575357,0.21780315679015122,Normal
Ring,Pure Silver,Raw Casting,0.5031121414796458,0.6447776463279934,0.3932760106558366,0.5198203755967059,0.9117242662426063,Normal
Earring,Silver Alloy,Final Product,0.178000634552828,0.129547701730933,0.9064032369471138,0.5944631529040715,0.7469463429700242,Normal
Bracelet,Pure Silver,Raw Casting,0.19441716389947833,0.1086836134160399,0.9464746822633795,0.19948165393522582,0.31825826923111833,Crack
Earring,Silver Alloy,Final Product,0.8549520494294257,0.8704290159904536,0.6303261439507869,0.914516369169467,0.5983939708987105,Scratch
Ring,Silver Alloy,Final Product,0.6051452936766862,0.9659384525899217,0.104524067288682,0.5698384259680356,0.49144937834654,Normal
Earring,Pure Silver,Polished,0.42160798719141224,0.42040151129952397,0.7842088682456522,0.5263933540293704,0.9778897269074718,Normal
Pendant,Pure Silver,Final Product,0.167893341689185,0.8232789239484529,0.21084994039923927,0.4241788695371177,0.3331531862454451,Normal
Pendant,Pure Silver,Polished,0.7547215260480278,0.45685294499986795,0.20491365962008712,0.12624644516136466,0.9384485080255174,Crack
Pendant,Pure Silver,Polished,0.86231587196384,0.3017524551075653,0.35050370777893414,0.30862082418523884,0.22002076328608525,Scratch
Earring,Silver Alloy,Final Product,0.8709135278524941,0.3164381490357425,0.7661127949189676,0.5655272090885571,0.7271915349524498,Scratch
Earring,Pure Silver,Polished,0.5971538079416981,0.7723152298357614,0.8316681177494828,0.6593293464812687,0.755820165343259,Normal
Ring,Silver Alloy,Polished,0.9088319766028667,0.14259088902675876,0.39916276095280734,0.743505651903771,0.6445578647604728,Scratch
Necklace,Silver Alloy,Final Product,0.13330064983553022,0.5568399107736002,0.7311859830168279,0.880736203357001,0.7117745524709931,Normal
Earring,Pure Silver,Polished,0.9350846703511376,0.47827111904361097,0.9559006599366292,0.5014529705877736,0.2292089595272878,Scratch
Necklace,Silver Alloy,Final Product,0.20895497539584557,0.6794799144910387,0.9608156774475596,0.1793765679462132,0.6709499204343427,Crack
Pendant,Pure Silver,Raw Casting,0.806218084511599,0.6003584021067504,0.354478008468855,0.6616591541353168,0.7892113676638941,Scratch
Ring,Pure Silver,Final Product,0.1607258731474436,0.5263071423708556,0.41129895546919903,0.37700490131585773,0.3341049720901679,Normal
Pendant,Pure Silver,Raw Casting,0.5760874224863021,0.47940620387211474,0.9601792988073378,0.17749683101795377,0.405759064433023,Crack
Necklace,Pure Silver,Raw Casting,0.43160898398894454,0.7958853362469788,0.2390057980860913,0.5304309513012954,0.25546526072320613,Normal
Bracelet,Silver Alloy,Raw Casting,0.5484656280290111,0.850131694843787,0.11122429295540433,0.6312100058579616,0.5588981170524058,Normal
Necklace,Pure Silver,Polished,0.9755909759167195,0.12360824463976613,0.163056745600083,0.1473893134032122,0.8113649198687501,Scratch
Bracelet,Silver Alloy,Final Product,0.5280769821462357,0.7624406840599672,0.7673579878549656,0.6795765435909883,0.9139047471318757,Normal
Necklace,Pure Silver,Final Product,0.847997447790907,0.32182195238469957,0.3344764923893873,0.3305968858321952,0.8255223676646035,Scratch
Necklace,Silver Alloy,Raw Casting,0.41659860584499353,0.780200133623256,0.887596420246713,0.7317962619961091,0.6620906241071569,Normal
Ring,Pure Silver,Polished,0.7167876384964806,0.28419079044907025,0.3569924923740173,0.9571718430260634,0.6601746123750091,Normal
Ring,Pure Silver,Raw Casting,0.19606297943207837,0.25538754686134424,0.6170101416045444,0.5983444280883746,0.6958730505108883,Normal
Earring,Silver Alloy,Polished,0.7351209369533742,0.632721222866458,0.3518299448922785,0.667683563575884,0.1487191714536853,Normal
Pendant,Silver Alloy,Raw Casting,0.32820506947276856,0.8763321485174955,0.2668017984983041,0.5850637469431141,0.4504401201201276,Normal
Bracelet,Pure Silver,Final Product,0.25565558783096326,0.18174845637743364,0.929912733085779,0.23427479480497582,0.24769790750750512,Crack
Pendant,Silver Alloy,Raw Casting,0.6704330826921432,0.9950631706193609,0.10569878922975522,0.9314868411118485,0.4890937125994591,Normal
Necklace,Silver Alloy,Polished,0.3960586440979703,0.3053352978762536,0.6518411667732981,0.26308961465965247,0.480398582817785,Crack
Earring,Pure Silver,Polished,0.359998374955393,0.6436564752061071,0.16992858104642986,0.9800245147483915,0.6460534870817999,Normal
Bracelet,Silver Alloy,Final Product,0.8120931405295868,0.12361312004966574,0.1835249256490812,0.42185799434626603,0.8147827855562877,Scratch
Ring,Pure Silver,Raw Casting,0.40413848630432203,0.10064409368850619,0.98590197553946,0.1544896009290057,0.33742012931509924,Crack
Pendant,Silver Alloy,Final Product,0.6440225937181558,0.8770250863036224,0.3677809942595037,0.8714843961024297,0.5275846357858394,Normal
Earring,Silver Alloy,Raw Casting,0.7080850375013955,0.6634625791966833,0.7555077942126553,0.8580558189987776,0.2668920029215728,Normal
Ring,Pure Silver,Raw Casting,0.34444943441516784,0.35509406145529676,0.5630675775909744,0.8815894849591561,0.5727235390742583,Normal
Earring,Pure Silver,Raw Casting,0.2873618074398519,0.3419568815469868,0.7483235664336249,0.7883205777817294,0.21387085407699252,Normal
Bracelet,Silver Alloy,Polished,0.5642775286565144,0.6043550532951902,0.3006401745914322,0.16316918471553232,0.4894278575836425,Crack
Pendant,Silver Alloy,Raw Casting,0.2246545584150043,0.1013164299834272,0.7690179087199454,0.928001496815455,0.9866378415494637,Normal
Earring,Silver Alloy,Final Product,0.25861813363078723,0.23404557793807057,0.6570425260894223,0.43112521517443714,0.43851855296121434,Normal
Ring,Silver Alloy,Final Product,0.9585803712097991,0.33333561181643206,0.7104448077960961,0.6631311157224103,0.3108235609506782,Scratch
Earring,Silver Alloy,Final Product,0.7591851317160203,0.7334864418194484,0.23025043476509402,0.8572088127038364,0.8155037733634909,Normal
Ring,Pure Silver,Raw Casting,0.6836019019455514,0.6679642751058921,0.20029563625363336,0.11610589943010799,0.5833374057605614,Crack
Ring,Silver Alloy,Raw Casting,0.6251556488027161,0.5023656472658314,0.7997293381942389,0.9812836650737964,0.6074676676657323,Normal
Bracelet,Pure Silver,Final Product,0.3635378153687645,0.6990517840767158,0.23815229806014246,0.8143618211582333,0.6780307524171915,Normal
Earring,Pure Silver,Raw Casting,0.35881217293253254,0.9526697232236783,0.38780042676057946,0.2748041180052337,0.7188977190881274,Crack
Necklace,Silver Alloy,Raw Casting,0.8318578567084515,0.837711140497131,0.5552602832009842,0.745179784343958,0.354884632461799,Scratch
Ring,Silver Alloy,Polished,0.6902978751788659,0.8953283810644715,0.5984766366991711,0.2897356154352282,0.5497440723199438,Crack
Earring,Silver Alloy,Raw Casting,0.34708140628293027,0.7144610853095678,0.4445513546067337,0.5268977812680964,0.2308271241204547,Normal
Necklace,Pure Silver,Final Product,0.1773301364511085,0.6025100944064219,0.17377350758126253,0.9062568119966111,0.5416771259491551,Normal
Necklace,Silver Alloy,Polished,0.4978904061605426,0.6127253834957822,0.9046570549613011,0.17029098986608776,0.7301579146932401,Crack
Earring,Pure Silver,Raw Casting,0.3617365532241762,0.9568269931358008,0.7163101360623649,0.8248053726405198,0.9685319317194298,Normal
Bracelet,Pure Silver,Raw Casting,0.8866482098693196,0.4483426123829368,0.11086572982117164,0.6148478634853917,0.2523404349632947,Scratch
Ring,Pure Silver,Polished,0.2974447409917108,0.8660739929039821,0.5790743313253771,0.9497896316577574,0.7083429060627889,Normal
Necklace,Pure Silver,Raw Casting,0.4544261066896298,0.6142223111036182,0.9312773018940652,0.3384422396023657,0.838301269932281,Normal
Ring,Pure Silver,Polished,0.6781696056832448,0.18258211184459405,0.8776943219096225,0.70263150848814,0.3939869177441446,Normal
Earring,Silver Alloy,Raw Casting,0.24417600961159053,0.9789709114343719,0.7799785093872806,0.34642173997344616,0.37627298190872516,Normal
Bracelet,Silver Alloy,Raw Casting,0.5003691833714619,0.3635925653096901,0.8816083489373696,0.9960871670948144,0.6044409866122789,Normal
Ring,Pure Silver,Raw Casting,0.4336711593967657,0.5400919517597704,0.25009212008334963,0.4850614219544547,0.7555225370384432,Normal
Pendant,Silver Alloy,Raw Casting,0.4966350684185532,0.7629722548318439,0.7243225904595664,0.5894379020592413,0.292122447354762,Normal
Bracelet,Pure Silver,Raw Casting,0.6299267486203202,0.17128559382160358,0.9154218689809293,0.8953135509370554,0.425055207409782,Normal
Earring,Pure Silver,Final Product,0.6002080603783855,0.7022474535535516,0.5207920475193326,0.5836059917076666,0.2928704124736145,Normal
Bracelet,Silver Alloy,Polished,0.4508878966547176,0.23941442550478528,0.8562986910405499,0.7600493625368686,0.9785694885076467,Normal
Ring,Pure Silver,Final Product,0.13710920275841076,0.8940412542462061,0.5871825538103235,0.9409723790366863,0.3641208045865121,Normal
Earring,Silver Alloy,Polished,0.7490010289686261,0.7497067814743092,0.8852742888732278,0.7206981290673314,0.8701785574127581,Normal
Necklace,Silver Alloy,Polished,0.3889686132023725,0.8429115119407131,0.6650576429323025,0.5659982395164795,0.5476581862455708,Normal
Bracelet,Silver Alloy,Polished,0.837623711474046,0.5997007149758511,0.37247689678033213,0.9143347672129222,0.9701986412816946,Scratch
Bracelet,Silver Alloy,Final Product,0.9438694590354445,0.6558857718701443,0.6572323639785758,0.9028184016134263,0.5097629767449676,Scratch
Necklace,Silver Alloy,Polished,0.9654478513653377,0.743521159103219,0.21195637908793788,0.3581952668643754,0.7016789522035689,Scratch
Bracelet,Pure Silver,Polished,0.4972116549893847,0.31073025764718215,0.5739028280741202,0.11169854575627867,0.607698546931294,Crack
Ring,Pure Silver,Polished,0.755538790023872,0.7445974182320257,0.4641786432865008,0.8577980103533617,0.6814210717743605,Normal
Earring,Silver Alloy,Final Product,0.31945516924029504,0.5096378025990382,0.9071454416545037,0.9030321658726359,0.3373388562466254,Normal
Ring,Silver Alloy,Final Product,0.8342992132706645,0.6383895888229206,0.17225318525894762,0.26566178136417695,0.3711104238465126,Scratch
Bracelet,Silver Alloy,Final Product,0.7714849391745615,0.9682384601787152,0.36792663530824443,0.2020851114676829,0.4182098938439911,Crack
Pendant,Silver Alloy,Raw Casting,0.3908320971468199,0.6121874837543057,0.19499885192666655,0.550857625290338,0.3696351326170183,Normal
Earring,Silver Alloy,Final Product,0.3847668356226054,0.16966100146727553,0.16574692697483695,0.5272317128236449,0.613362375248942,Normal
Ring,Pure Silver,Final Product,0.2939961161000527,0.6472085844491035,0.3866109930749233,0.27858684843562664,0.38775841660910926,Crack
Necklace,Silver Alloy,Raw Casting,0.6609166448121735,0.2893291678352052,0.703693420214406,0.12322429028117277,0.614071238673083,Crack
Bracelet,Pure Silver,Polished,0.5140430253878603,0.6095996098270529,0.5957096280744532,0.7954119378130281,0.8921042327364244,Normal
Pendant,Pure Silver,Final Product,0.592426056129111,0.3690162570012713,0.5316992385687823,0.8263264448307748,0.9728732766449659,Normal
Earring,Pure Silver,Final Product,0.137704456073862,0.45807540930215196,0.24600881883644427,0.45062837680216183,0.19550396391937047,Normal
Earring,Pure Silver,Raw Casting,0.4041467134604396,0.9199564883469163,0.3621636808230577,0.6877925254178443,0.2209908980942683,Normal
Bracelet,Silver Alloy,Polished,0.8256194536617818,0.7824628197500174,0.6459407223195085,0.4218939898616424,0.34983013445050826,Scratch
Necklace,Pure Silver,Final Product,0.579625484335452,0.7290569669513518,0.7244310893034175,0.39345853740718106,0.4165261420019949,Normal
Pendant,Silver Alloy,Final Product,0.41980518138943657,0.3666167717149894,0.380726694628427,0.5574278105670968,0.5143450526045222,Normal
Bracelet,Silver Alloy,Polished,0.9983895033661128,0.1799053091742734,0.6513684504834956,0.1735546700005297,0.106936611330004,Scratch
Ring,Silver Alloy,Final Product,0.6734910573537932,0.34289507769656913,0.2431053606381408,0.22539278726060225,0.7624874773709317,Crack
Earring,Silver Alloy,Final Product,0.822381141578339,0.7545119237595108,0.46572554108649444,0.10136331425206271,0.19508121141914958,Scratch
Necklace,Silver Alloy,Raw Casting,0.7103210136454863,0.7672835909617108,0.9995651738699758,0.37173337077937896,0.3832366528406097,Normal
Necklace,Pure Silver,Polished,0.5622829518762157,0.5127856049963987,0.4217682288083282,0.7413795080148172,0.6309759902113268,Normal
Pendant,Pure Silver,Raw Casting,0.7591548540366141,0.9623366915712627,0.7769061243657972,0.3327366624741006,0.5059101802835837,Normal
Bracelet,Silver Alloy,Polished,0.4851258016889062,0.1493424078553363,0.5109613429492451,0.8048985357722183,0.9365786025064423,Normal
Bracelet,Silver Alloy,Final Product,0.4448428130794262,0.5302516528834381,0.9766892894884468,0.1930410941276403,0.10529190472770965,Crack
Earring,Pure Silver,Polished,0.7590723083628866,0.7169523915088939,0.716893041392498,0.3366306448138898,0.7538544781310291,Normal
Necklace,Silver Alloy,Polished,0.9663161560441004,0.685016651116795,0.7832663722415936,0.5454715503899968,0.5258911328164553,Scratch
Ring,Pure Silver,Polished,0.7196777966037069,0.8956002993849232,0.6994807132206299,0.9608346133139126,0.6033715078004366,Normal
Earring,Pure Silver,Final Product,0.23273008076945836,0.7103254597077769,0.16828354252016248,0.17576591781528134,0.6497191876071476,Crack
Earring,Pure Silver,Raw Casting,0.8846090214962107,0.6834483513440459,0.6825557488655897,0.8005047318038582,0.9187904391651932,Scratch
Necklace,Silver Alloy,Polished,0.6856222183965097,0.21406012140090247,0.46526980026107534,0.7428831394287528,0.6438189060884408,Normal
Bracelet,Silver Alloy,Raw Casting,0.5773554234184619,0.6584427127074984,0.9483327549945665,0.9241176424084683,0.6504774621620016,Normal
Ring,Pure Silver,Final Product,0.6911649321483239,0.9712616804121255,0.668912640136907,0.35156740828814015,0.1688270416325084,Normal
Pendant,Pure Silver,Final Product,0.45705581792852257,0.9939625529363701,0.22390768956403279,0.6918427451364751,0.7478246930015479,Normal
Bracelet,Pure Silver,Final Product,0.3993007883880887,0.6320773495363818,0.9248520183265807,0.3381213381436686,0.7648825563143157,Normal
Earring,Pure Silver,Final Product,0.933568857264787,0.6826133394264066,0.6458151115987413,0.7270321618774142,0.5295991277085179,Scratch
Earring,Pure Silver,Raw Casting,0.3549212602733325,0.35551188999222827,0.8739779039621475,0.21222712795230125,0.6127974952431605,Crack
Necklace,Pure Silver,Raw Casting,0.5902443204654246,0.26002466449531497,0.25674686971792815,0.9813617432679872,0.6378461357320357,Normal
Earring,Pure Silver,Polished,0.568418842281451,0.7674920578498357,0.5599672621302108,0.6093700003647864,0.9433683743509,Normal
Earring,Silver Alloy,Raw Casting,0.6358817876909708,0.3400309706034282,0.10660183332392985,0.5509249221034643,0.39914108922857505,Normal
Necklace,Silver Alloy,Final Product,0.6106931020915151,0.5328020691778211,0.32508084089125533,0.6735401225461882,0.5227647377098001,Normal
Earring,Pure Silver,Polished,0.37835611525888546,0.8005630005902629,0.6276755127644326,0.7434396083619584,0.9699061715380218,Normal
Pendant,Silver Alloy,Raw Casting,0.2523310537812207,0.6965807558162534,0.9789675619904286,0.6957267817862579,0.6785884564589448,Normal
Necklace,Silver Alloy,Raw Casting,0.8607015681873234,0.2820604478984876,0.5629948569249391,0.6499886340643543,0.9875454335968582,Scratch
Ring,Pure Silver,Polished,0.9816839564493489,0.7082103371485265,0.16797793000111033,0.11533854853101938,0.9111399411223718,Scratch
Earring,Silver Alloy,Raw Casting,0.7124832930687386,0.3926481826600904,0.7056762229798316,0.5108370920637196,0.9151139996149785,Normal
Pendant,Silver Alloy,Raw Casting,0.542467811167211,0.29814201637247806,0.7420385788322748,0.4913390814521348,0.19121792942147245,Normal
Ring,Pure Silver,Polished,0.458089206427183,0.5673237353850179,0.2921845794039091,0.11566714819317696,0.41247465514336623,Crack
Bracelet,Silver Alloy,Raw Casting,0.9181433713306472,0.5053790730884474,0.6073538141748149,0.8505866162823797,0.7275663880194038,Scratch
Necklace,Silver Alloy,Raw Casting,0.13812136813222214,0.9606988741632777,0.71201117842376,0.13294061207665364,0.5471067839152541,Crack
Pendant,Silver Alloy,Raw Casting,0.6465426069136687,0.6590575401297771,0.8560810080344099,0.2502294592896517,0.2660052954227001,Crack
Ring,Silver Alloy,Polished,0.7238591224445001,0.8109011491004574,0.7739908946608831,0.2827710364554065,0.41579869137575043,Crack
Ring,Silver Alloy,Final Product,0.4329923236169907,0.20866810689552331,0.4611297113296178,0.300667147540141,0.767239167527196,Normal
Bracelet,Pure Silver,Final Product,0.9941672334175414,0.34659687037309717,0.5595931353449639,0.8254024799080792,0.8185083705411498,Scratch
Necklace,Silver Alloy,Polished,0.3778385373359945,0.18259437483426127,0.12854034690961605,0.48442485410467606,0.6220311045368012,Normal
Ring,Pure Silver,Polished,0.30706379012885743,0.9241760901658617,0.3450748796043476,0.8684723379989685,0.8200339100765245,Normal
Necklace,Pure Silver,Raw Casting,0.5595968208314708,0.18791603781174726,0.9731512188273816,0.3142727667212178,0.36439872807537776,Normal
Ring,Silver Alloy,Polished,0.7789010623951627,0.935547886914418,0.3966941552013108,0.16528511631667425,0.9757223477720841,Crack
Bracelet,Silver Alloy,Polished,0.9772781525028922,0.7232243326332448,0.3736525770222022,0.9369256434962699,0.10625285633512871,Scratch
Necklace,Pure Silver,Polished,0.6162904028357332,0.4529646666592331,0.6820293510447564,0.42708393217106166,0.6323742685212104,Normal
Necklace,Pure Silver,Polished,0.6930403388146256,0.9880874831654143,0.1668867177083202,0.1492998346366875,0.49619732521248794,Crack
Bracelet,Silver Alloy,Raw Casting,0.4661986299919729,0.809944070157741,0.3351602370649671,0.14742454315320774,0.6184809841052513,Crack
Necklace,Silver Alloy,Raw Casting,0.36187879932567646,0.5442928186673888,0.8081854580328774,0.9153545837210626,0.49622877947998034,Normal
Necklace,Silver Alloy,Polished,0.2749072391496068,0.7150632674115541,0.8261411254744473,0.6799175297637318,0.7286186993288413,Normal
Bracelet,Silver Alloy,Final Product,0.11097919935452698,0.7700005347249923,0.2939024882206084,0.7256554161929374,0.5656106011411504,Normal
Necklace,Silver Alloy,Final Product,0.8767827525978739,0.6986588535504058,0.5904329207449222,0.8233408679968036,0.37847171313850814,Scratch
Pendant,Pure Silver,Polished,0.12102234227198069,0.34119329128742887,0.5763876522796995,0.5051291233042032,0.6958512651084711,Normal
Pendant,Silver Alloy,Raw Casting,0.18106493738497392,0.8597627222668859,0.35477905382239516,0.91458871268704,0.37235202988455707,Normal
Ring,Silver Alloy,Final Product,0.46175986072559383,0.5624088877717893,0.4318144797290939,0.6345306943990968,0.7687286766190496,Normal
Earring,Silver Alloy,Raw Casting,0.9414475492109162,0.6767485796940623,0.20576918811217842,0.9821676871978453,0.6485984457499449,Scratch
Ring,Silver Alloy,Final Product,0.5599325455771498,0.8312249608299326,0.11584377389616593,0.15074800397410618,0.9154238007937576,Crack
Bracelet,Silver Alloy,Final Product,0.4128514992515999,0.5143811008237738,0.7239552933945778,0.45905607629477285,0.47001298165280525,Normal
Bracelet,Silver Alloy,Final Product,0.3025684203855356,0.44543813577201863,0.17567539233864243,0.21727912924374543,0.9715854950749828,Crack
Bracelet,Pure Silver,Raw Casting,0.38234549371398896,0.746403938584004,0.10639736606890304,0.5207351447762524,0.2915258426349445,Normal
Earring,Pure Silver,Final Product,0.12317812426951695,0.27102317962719663,0.4420030184676238,0.5145165481317374,0.8081053128011763,Normal
Bracelet,Silver Alloy,Polished,0.7544567630395075,0.9833519660565148,0.8440829086343937,0.6352197840828135,0.7491575706332343,Normal
Earring,Pure Silver,Raw Casting,0.5602860335359225,0.8404213524997037,0.2766356047710824,0.3368488303835675,0.317725937447413,Normal
Bracelet,Pure Silver,Polished,0.7427792523709671,0.8307057303009239,0.8024664287612754,0.9666216954979712,0.27666623882637786,Normal
Earring,Pure Silver,Polished,0.1392330391049679,0.8465080736009991,0.23501211016197376,0.836065334133778,0.47044053230373284,Normal
Ring,Pure Silver,Final Product,0.806293783409757,0.1230665916831502,0.7302761235347595,0.6341819367803898,0.3643768331021936,Scratch
Ring,Pure Silver,Polished,0.3078835304191574,0.21184067932804168,0.40128708851949524,0.9127406540718741,0.39687669266243153,Normal
Earring,Silver Alloy,Raw Casting,0.5179578011851208,0.12766578817772317,0.40368847221138515,0.9938424278349232,0.3430702470083016,Normal
Bracelet,Pure Silver,Polished,0.46145730644078,0.6732173623092473,0.4507586636627694,0.5067605363658939,0.7099348152248225,Normal
Earring,Silver Alloy,Final Product,0.3777551957435191,0.6099068034815338,0.8056692749222746,0.3403539823435169,0.8579903232467313,Normal
Ring,Pure Silver,Raw Casting,0.7799988126188311,0.1530969498863614,0.43235055014818446,0.7506338139544253,0.21534183278810032,Normal
Earring,Silver Alloy,Raw Casting,0.5675263551820491,0.9264940751605292,0.8762755017403315,0.15406811644914484,0.4731368858167907,Crack
Necklace,Pure Silver,Final Product,0.7998776396315602,0.9195800783577106,0.8213673826538003,0.7882422835220565,0.9656058986322732,Normal
Pendant,Silver Alloy,Raw Casting,0.43446296489224234,0.9267041015194539,0.4959138819352661,0.18010810663245508,0.9574099734770444,Crack
Ring,Pure Silver,Polished,0.8850069818861235,0.9217331395919433,0.5915150610567468,0.284320705802338,0.7550709225681292,Scratch
Bracelet,Pure Silver,Polished,0.9922978602548297,0.6409375308206373,0.9045780212900066,0.7164914537270753,0.7468526020133012,Scratch
Earring,Silver Alloy,Final Product,0.5402242723535835,0.17975694602492942,0.9077023569245308,0.3333222344488691,0.2231019615571364,Normal
Bracelet,Pure Silver,Polished,0.184121031060519,0.9099819446613171,0.8270235498363843,0.4241834342196751,0.21165284830528946,Normal
Bracelet,Silver Alloy,Final Product,0.675375219977269,0.38276774462729657,0.9132093278600095,0.42692782677719177,0.6690155875206819,Normal
Necklace,Pure Silver,Polished,0.21550248385978182,0.8386985643105196,0.11109711312092808,0.17514375485880704,0.14835290377288776,Crack
Pendant,Silver Alloy,Final Product,0.8009103789392977,0.39625777314528166,0.2538906666014332,0.8912829407448823,0.1019587191768807,Scratch
Pendant,Silver Alloy,Raw Casting,0.916610164173856,0.3018789165597875,0.5236807627956548,0.7050102277039229,0.8577279509232668,Scratch
Necklace,Silver Alloy,Raw Casting,0.7487637737662769,0.4452952940731846,0.4830122433204641,0.4097768174916703,0.569030480743182,Normal
Ring,Silver Alloy,Polished,0.3934482248672101,0.28613326756996466,0.21488572493154895,0.834831884186874,0.882073642102029,Normal
Pendant,Pure Silver,Polished,0.9019136559673087,0.19125783041653366,0.9271074108843731,0.7949861269542838,0.5205083132776696,Scratch
Necklace,Silver Alloy,Final Product,0.6798156176635953,0.2280518820795402,0.1322152132021016,0.852861471804045,0.6302632080684367,Normal
Earring,Pure Silver,Raw Casting,0.9972784264429181,0.2631818565743691,0.9450621890162504,0.41039762029821947,0.4147602308172694,Scratch
Necklace,Silver Alloy,Raw Casting,0.5673685736692312,0.8020937090000901,0.801884632150113,0.37454371008582776,0.341463348394513,Normal
Necklace,Pure Silver,Final Product,0.6889682829424133,0.4675582424367347,0.45689154849818225,0.3788597498213463,0.34953425136678395,Normal
Bracelet,Pure Silver,Polished,0.8742255467253731,0.945483952523356,0.23759803708089433,0.4224797545250787,0.6256663694587336,Scratch
Necklace,Silver Alloy,Polished,0.5235399705232121,0.10531731199305835,0.10637243994753888,0.3144064101359161,0.7611300386961446,Normal
Pendant,Pure Silver,Raw Casting,0.917094892710449,0.8480203426072251,0.3626300826537391,0.4172015215383412,0.15941999779115917,Scratch
Pendant,Silver Alloy,Raw Casting,0.2219059780386674,0.8622912729760358,0.39741371969863704,0.10396879830242718,0.6645918766757818,Crack
Bracelet,Silver Alloy,Raw Casting,0.25697898347002796,0.3646886482912587,0.14686237193196178,0.3456347799024818,0.3338597496201983,Normal
Pendant,Pure Silver,Final Product,0.18798612046204644,0.41479613837296814,0.8612407983658946,0.26761959364244936,0.9339717284324934,Crack
Pendant,Pure Silver,Final Product,0.9498285170680187,0.33919785012565595,0.24858729878079983,0.7806571314804335,0.11075724534808029,Scratch
Bracelet,Silver Alloy,Final Product,0.1542465981677501,0.9475313297241217,0.20693817546659987,0.5295472151468578,0.5529699094467595,Normal
Earring,Pure Silver,Polished,0.16335339084847528,0.7806779230051316,0.5147870031545031,0.27823145456989573,0.20059077816754242,Crack
Necklace,Silver Alloy,Final Product,0.6524682097068759,0.1429131684490219,0.4023705173009704,0.9945326241427037,0.7088255975834875,Normal
Pendant,Pure Silver,Raw Casting,0.90842474450107,0.23082016693890253,0.39250298031884656,0.5433649940152745,0.10544073972636864,Scratch
Earring,Silver Alloy,Polished,0.22846526518145457,0.7749584091453379,0.8240691834588535,0.2974783984575091,0.9111983672875155,Crack
Bracelet,Silver Alloy,Raw Casting,0.48922312435488724,0.5743745179513324,0.16297883182622064,0.3307581816476304,0.2957430565729776,Normal
Necklace,Pure Silver,Polished,0.616121579035086,0.6519138546979648,0.7167849911356191,0.8369731019462491,0.8909930871611325,Normal
Necklace,Silver Alloy,Raw Casting,0.8698294249661332,0.47119200338075196,0.9028277428637105,0.7484645209445949,0.7167339547644984,Scratch
Bracelet,Pure Silver,Polished,0.4080767332612394,0.9925467172286918,0.3431813289859736,0.1053113617092266,0.4123060048967083,Crack
Pendant,Silver Alloy,Polished,0.28539376294031094,0.7829038988097707,0.45262299688164453,0.5242333736462568,0.2211248090868017,Normal
Bracelet,Pure Silver,Final Product,0.2230950702798848,0.9289451599466664,0.5267175677137239,0.7120077678344567,0.29406896553951967,Normal
Pendant,Pure Silver,Polished,0.8212897531691428,0.3275112066451128,0.2076702736451554,0.3428633816670459,0.8628492229484784,Scratch
Pendant,Silver Alloy,Raw Casting,0.2556849034248988,0.6353957167718378,0.9059118667409412,0.7090154895182736,0.9140523422907241,Normal
Bracelet,Silver Alloy,Raw Casting,0.646099659307635,0.40832246623508883,0.1109582754394397,0.3799820581382165,0.4979693458079739,Normal
Necklace,Silver Alloy,Polished,0.87930906109943,0.5598235190961626,0.5231287333112588,0.5233937233568772,0.8792043948258562,Scratch
Bracelet,Silver Alloy,Raw Casting,0.5626651715622341,0.519517273969005,0.4763364529912878,0.17322745863530126,0.2020548929689583,Crack
Pendant,Silver Alloy,Raw Casting,0.8727850528437411,0.2300627739160396,0.9801786002415717,0.6015492071299585,0.2534700428039753,Scratch
Bracelet,Silver Alloy,Final Product,0.6130437676665661,0.5088938434308431,0.9662372362530646,0.37956089687787,0.30194265064844805,Normal
Necklace,Pure Silver,Polished,0.6155676983204684,0.7676764042892191,0.1292251183223825,0.5457220526983927,0.8997975506984687,Normal
Pendant,Pure Silver,Final Product,0.45686757201403017,0.877682126644408,0.34064905632926307,0.8780737895095462,0.9130462867698579,Normal
Bracelet,Pure Silver,Raw Casting,0.9267482903265026,0.6857912442434706,0.583624965927316,0.1157921712729175,0.709939321693621,Scratch
Pendant,Silver Alloy,Final Product,0.9946440291573984,0.46510259295075806,0.8800519553865024,0.10679836176144297,0.26321941341958655,Scratch
Bracelet,Pure Silver,Final Product,0.7290690944034004,0.9856990948342242,0.9960862605962811,0.34769601366863856,0.12243312599032756,Normal
Ring,Silver Alloy,Final Product,0.4057103987497077,0.8397388576780431,0.2562646056330134,0.5379327844906703,0.609520759585216,Normal
Pendant,Silver Alloy,Raw Casting,0.35961751576320067,0.6109566209363304,0.7086341011600363,0.7352398990473551,0.8687884820630499,Normal
Pendant,Pure Silver,Raw Casting,0.3876732544603816,0.8609662368375872,0.23908948185448256,0.9679240521558229,0.480529927628086,Normal
Necklace,Silver Alloy,Polished,0.3334909970737516,0.2919218259973663,0.17948951652311224,0.6098997154955241,0.25980523017837365,Normal
Pendant,Silver Alloy,Raw Casting,0.2974838141412565,0.6393099051846072,0.5518940170861574,0.5128082310723744,0.236400885874732,Normal
Necklace,Silver Alloy,Raw Casting,0.9515127123448542,0.7819365976643765,0.12681798249644632,0.7183805338693201,0.21084603714456956,Scratch
Ring,Pure Silver,Polished,0.19119616753071045,0.5760939626023343,0.30451328094221897,0.8586514069262908,0.839359250821045,Normal
Bracelet,Silver Alloy,Polished,0.18311974537278408,0.18790629933234199,0.4621663180412887,0.8705807422839608,0.8975186276750873,Normal
Ring,Silver Alloy,Polished,0.37915492625371405,0.5216756797125917,0.17571750214268017,0.12064778144104475,0.23341883981802478,Crack
Bracelet,Silver Alloy,Final Product,0.48391453266655937,0.12495353458832692,0.3603109543354388,0.457541005749067,0.7568486034410478,Normal
Ring,Pure Silver,Final Product,0.6591015531392772,0.8539686359707871,0.7172561983100328,0.8616341762755167,0.6911354102605787,Normal
Ring,Silver Alloy,Raw Casting,0.3562722020350252,0.9215802120988882,0.9760126891144201,0.29857484623795516,0.1838280265691424,Crack
Necklace,Pure Silver,Raw Casting,0.127638641526684,0.49493958752263,0.48273146328630856,0.904955868078771,0.9821274440341649,Normal
Bracelet,Pure Silver,Final Product,0.10061926076761667,0.6935114664310905,0.6246909269789226,0.1454238328901036,0.12897401239700698,Crack
Necklace,Pure Silver,Raw Casting,0.7548363321605499,0.11567985745259783,0.8254325654675936,0.2561214161128584,0.19614096385161467,Crack
Necklace,Pure Silver,Polished,0.7064072523682849,0.16486111738827608,0.42565753180779453,0.8214405640939684,0.1602599224868628,Normal
Bracelet,Silver Alloy,Polished,0.9361468045037662,0.3617641955368519,0.9648348559265975,0.5721198412257721,0.2764918418305454,Scratch
Necklace,Pure Silver,Final Product,0.9029556314986352,0.6290566628179097,0.554392748327245,0.9594967166887509,0.8953189944403181,Scratch
Pendant,Pure Silver,Polished,0.5617387594249581,0.871544524075217,0.5923459614430312,0.21225611240185122,0.2973155741917885,Crack
Ring,Silver Alloy,Raw Casting,0.8271308181934992,0.38565752108693374,0.3061805899795857,0.8225258612376772,0.6034499742909036,Scratch
Pendant,Silver Alloy,Polished,0.4596996370271429,0.10603042007521346,0.8496919584240298,0.8751255298784198,0.19282881609641617,Normal
Bracelet,Silver Alloy,Polished,0.3986982975177983,0.18309403515163603,0.8597223415764853,0.35445359993102543,0.6402845780668805,Normal
Earring,Pure Silver,Polished,0.47163647011619947,0.4579707227119644,0.7321385796407097,0.9510446603687259,0.5876493326940826,Normal
Bracelet,Pure Silver,Final Product,0.9835424235381295,0.11038446178307916,0.3965504500228627,0.5006701679135319,0.26141625340259894,Scratch
Ring,Silver Alloy,Final Product,0.560123510667782,0.746706261645077,0.805323022474069,0.14939639080872075,0.6627599374047913,Crack
Ring,Silver Alloy,Polished,0.9113794486742314,0.5370165459806087,0.4975718189945285,0.8640262384222677,0.8749888046240809,Scratch
Pendant,Pure Silver,Raw Casting,0.13551617050640558,0.275867914158201,0.7890255044444126,0.5653031105247012,0.7563552599346172,Normal
Earring,Silver Alloy,Final Product,0.7760400065451334,0.18300129192890746,0.3900824342278555,0.583872531102905,0.1412449943402164,Normal
Necklace,Silver Alloy,Polished,0.561337711288476,0.1629068865648123,0.8903131201613387,0.958576638276939,0.8232074032393165,Normal
Ring,Pure Silver,Final Product,0.8079723395950851,0.539743629369615,0.4021732082320447,0.8543853065278254,0.9973327670135348,Scratch
Pendant,Silver Alloy,Polished,0.7746874017435594,0.9341005133383427,0.8141808738623659,0.4657315266998593,0.6311732377667565,Normal
Earring,Pure Silver,Polished,0.5712610705347133,0.6226323151978906,0.9200075954815377,0.23677400931733847,0.9456876678333406,Crack
Bracelet,Pure Silver,Raw Casting,0.335588389556598,0.5803739249418853,0.3728052661663812,0.38307947420525956,0.8588965405274361,Normal
Bracelet,Pure Silver,Polished,0.5097830399459616,0.7030715273303937,0.8180269137341522,0.7370493369601729,0.3756982176914384,Normal
Bracelet,Pure Silver,Polished,0.20255920464220661,0.19901585605625877,0.20012387616083524,0.750388439957459,0.7003400682721971,Normal
Necklace,Silver Alloy,Raw Casting,0.7979850279522254,0.9722706441779179,0.774690127120073,0.653504273468428,0.46762451788196646,Normal
Ring,Pure Silver,Polished,0.6278679633069829,0.20341542426006162,0.8518618677592085,0.8216523402785932,0.7121557183617764,Normal
Bracelet,Pure Silver,Polished,0.9128938820246156,0.9022967824340419,0.7236824154019188,0.5543446581200281,0.12901085397257575,Scratch
Earring,Pure Silver,Final Product,0.6295403139860456,0.886938993983499,0.8761373263361114,0.2680602183418113,0.5034365355461478,Crack
Pendant,Silver Alloy,Final Product,0.5562835818590288,0.5245912002375792,0.34958834665797967,0.6005713333294298,0.4440163856754997,Normal
Earring,Silver Alloy,Polished,0.7168275987013311,0.21564113011566532,0.7720626408832062,0.5461168328704401,0.6746164445775447,Normal
Pendant,Silver Alloy,Final Product,0.5496230410378881,0.20928733556796736,0.4264581064978783,0.25546743670829475,0.18341886828856419,Crack
Ring,Silver Alloy,Raw Casting,0.3656497957472642,0.2212844109958192,0.4303629130440345,0.7015742381855733,0.8075668003486101,Normal
Ring,Pure Silver,Final Product,0.6797073278720391,0.7837995813923739,0.7945975872796095,0.7289625212882859,0.9114699040498199,Normal
Earring,Silver Alloy,Raw Casting,0.733186451048254,0.5237036102816004,0.10385202031728652,0.4018436048360561,0.6140810521723529,Normal
Necklace,Silver Alloy,Polished,0.9882799640894071,0.5240284944707038,0.3955484728362453,0.5391645238170494,0.7882347233672303,Scratch
Pendant,Pure Silver,Raw Casting,0.10215556504868128,0.9233812433659803,0.8807411345539389,0.7080606448318035,0.5717420026842227,Normal
Pendant,Silver Alloy,Final Product,0.26147886123946806,0.6844259447950145,0.8209988485190838,0.47755108355944575,0.5215660495741554,Normal
Necklace,Silver Alloy,Final Product,0.9396339440227447,0.54480885980046,0.7950868240313796,0.9345658073372337,0.1915956104227195,Scratch
Pendant,Pure Silver,Raw Casting,0.33173830618089906,0.9490073734817358,0.5547362537111955,0.4043205519294373,0.5988093421169609,Normal
Pendant,Pure Silver,Raw Casting,0.9602630377675742,0.9280111922051301,0.9514050517503015,0.19088365416866432,0.1552180460768286,Scratch
Ring,Silver Alloy,Final Product,0.7549138429670744,0.6724789924524132,0.534620856279859,0.9327538844429455,0.3948812120921189,Normal
Necklace,Pure Silver,Final Product,0.8274161931440623,0.9357741629840178,0.4738719318088491,0.25664208116116305,0.23450628379603206,Scratch
Necklace,Silver Alloy,Polished,0.9664781739055893,0.9436703910278401,0.24686279018777282,0.40317666662284735,0.8834666432428003,Scratch
Bracelet,Pure Silver,Raw Casting,0.8235111095941319,0.7289709142641682,0.8664375763260999,0.14945046010074514,0.7878429884204772,Scratch
Earring,Pure Silver,Final Product,0.31256557203825786,0.46261860341470995,0.18456151142678057,0.4494718282456821,0.9593436976312205,Normal
Necklace,Silver Alloy,Polished,0.8638814925680489,0.8995109039409519,0.9627216931747167,0.49580421964433574,0.7861101079198913,Scratch
Pendant,Silver Alloy,Final Product,0.27173750811693054,0.8026724712461808,0.8962275219043581,0.3593089175579808,0.6318227609602898,Normal
Pendant,Silver Alloy,Final Product,0.9827375044492671,0.8583812976965292,0.8226907141874144,0.582750418719792,0.4044187325345393,Scratch
Bracelet,Silver Alloy,Final Product,0.7104578593911516,0.8934858530944622,0.7724618740034969,0.3273679521622613,0.25513520602792705,Normal
Pendant,Pure Silver,Raw Casting,0.5228622716197618,0.7875061958179189,0.4048843906423274,0.6948542867241805,0.8461847343670668,Normal
Pendant,Pure Silver,Final Product,0.49442306977077755,0.3013473168519427,0.6977144117596321,0.7329896843484134,0.2789439929942274,Normal
Necklace,Pure Silver,Polished,0.5987493073254052,0.4210731569015469,0.1309690345718885,0.17992699403460527,0.8405557366459903,Crack
Necklace,Pure Silver,Polished,0.6853675877961015,0.21865463889802372,0.11706490864958775,0.861207637146244,0.12599222290428994,Normal
Ring,Silver Alloy,Raw Casting,0.5655731580877613,0.31359135948199346,0.7866927107807522,0.8156818664210693,0.24581334730365706,Normal
Bracelet,Silver Alloy,Final Product,0.21918006318067051,0.1521130071171056,0.9517326576708567,0.6141052834131452,0.7060877588927355,Normal
Pendant,Pure Silver,Raw Casting,0.35590070607145896,0.3030994798488539,0.7740076081299707,0.47816049035759856,0.46437420931757334,Normal
Ring,Pure Silver,Raw Casting,0.30847650657035414,0.10017182456133804,0.6397707052908018,0.23118872823461076,0.2704797749128939,Crack
Earring,Silver Alloy,Raw Casting,0.9665774761241008,0.5539309417599337,0.6873972473729771,0.46490778830099866,0.2628753911294833,Scratch
Ring,Silver Alloy,Raw Casting,0.6462256636776996,0.24491659220253395,0.5533207951688048,0.28937739777680815,0.5167928884967846,Crack
Earring,Pure Silver,Polished,0.24244451870576197,0.703604592426075,0.6904856103027134,0.6585447735893476,0.8320823378552721,Normal
Ring,Pure Silver,Raw Casting,0.7861912472298028,0.9994845846368152,0.7855357111157921,0.43406220761018066,0.14815052418576719,Normal
Earring,Pure Silver,Raw Casting,0.8852451519350564,0.19405826225271713,0.24393113105135744,0.496412360752557,0.9091551943537971,Scratch
Bracelet,Pure Silver,Final Product,0.809419244625034,0.660945903598972,0.4815009063410082,0.6410933006789904,0.9237531413899827,Scratch
Necklace,Pure Silver,Final Product,0.795145825767155,0.6146227014670806,0.15497499995262576,0.4164823084331871,0.5374369120163978,Normal
Necklace,Pure Silver,Final Product,0.9178974822411584,0.9676660214379017,0.10771740661166014,0.6500888397479626,0.19064826583893402,Scratch
Necklace,Silver Alloy,Raw Casting,0.13345959270443053,0.7580076954764849,0.37956741571954533,0.622425706913202,0.6766713162064433,Normal
Earring,Pure Silver,Final Product,0.2327624795838074,0.1856178435643917,0.8327699948731231,0.4693996451544211,0.24206447427332575,Normal
Bracelet,Pure Silver,Raw Casting,0.44461793676015504,0.13798713656506642,0.3676067746377035,0.655659306748454,0.3059642900776002,Normal
Necklace,Silver Alloy,Polished,0.5836654289387279,0.8444948635553982,0.4074750096035388,0.9654844479694581,0.6748050092951275,Normal
Earring,Pure Silver,Polished,0.20220581206972527,0.3108291850692556,0.7203602572559435,0.30101772619407374,0.9149334206216572,Normal
Pendant,Pure Silver,Final Product,0.9266061419606099,0.393390180174773,0.3775573171637635,0.14871873739982094,0.2634792279444945,Scratch
Earring,Silver Alloy,Raw Casting,0.9992007897573719,0.9065895569257636,0.9699261396547988,0.7803329472172142,0.5793143491759039,Scratch
Earring,Pure Silver,Final Product,0.49555863773091446,0.6810397518320471,0.3419734830762623,0.5029882620242309,0.276932712144117,Normal
Ring,Pure Silver,Raw Casting,0.8026322304418831,0.4721657422615997,0.7995031382193286,0.9783884984848533,0.2138455948300647,Scratch
Ring,Pure Silver,Raw Casting,0.2684916198237686,0.8612396301277188,0.8702634387223203,0.7096759623704861,0.6652774792987617,Normal
Earring,Pure Silver,Raw Casting,0.817058065401238,0.48053108099298547,0.14209507542922117,0.854732288998536,0.8184218508217735,Scratch
Necklace,Silver Alloy,Raw Casting,0.8888740063820427,0.7641983870837118,0.5145906741393742,0.47212499784495576,0.15570216553957877,Scratch
Necklace,Silver Alloy,Raw Casting,0.34324938390322424,0.7033550065116225,0.5524237631180781,0.2095567323089156,0.3183838713192353,Crack
Ring,Silver Alloy,Polished,0.9669330460129301,0.12079654580516962,0.9422104232662786,0.9911742210183604,0.2826748469760775,Scratch
Bracelet,Pure Silver,Raw Casting,0.2496393925739038,0.21773100875531137,0.5901374930873821,0.583243764382181,0.4467194130278067,Normal
Bracelet,Pure Silver,Final Product,0.29423680828000787,0.9074848329211601,0.6341691450730997,0.2577199576346307,0.614156192198556,Crack
Ring,Silver Alloy,Raw Casting,0.8915657022402801,0.3580168229061341,0.8554606992667287,0.6917233409139687,0.3416054170348569,Scratch
Ring,Silver Alloy,Polished,0.5588559014625099,0.5215201791540017,0.35296174556508086,0.1833382457450861,0.8371477215549102,Crack
Ring,Silver Alloy,Polished,0.8510132942315412,0.8136302432379604,0.33647334229159387,0.9114797001175201,0.7689870593865814,Scratch
Ring,Silver Alloy,Raw Casting,0.16813997895777721,0.12195266884759844,0.5074975343958533,0.15168568933461607,0.7951051654868284,Crack
Ring,Pure Silver,Raw Casting,0.6291784664863586,0.29125406840144746,0.7046899219181791,0.5315364825709182,0.2930924450132554,Normal
Pendant,Silver Alloy,Raw Casting,0.10348357298880305,0.6835077132960002,0.19015541262453856,0.8435144651706814,0.630700347091847,Normal
Necklace,Silver Alloy,Final Product,0.5020179175032407,0.7872810312213443,0.13841968120008954,0.5901770915854572,0.11976453308827412,Normal
Bracelet,Pure Silver,Polished,0.19078598273349862,0.4104376460794309,0.16769660026227423,0.6310861825078027,0.42962691658615015,Normal
Ring,Pure Silver,Polished,0.743610127995795,0.33916705999261937,0.5110547597105108,0.4006778646957321,0.7225164191504198,Normal
Earring,Silver Alloy,Final Product,0.7731261661170749,0.38777986094221084,0.11270387754212335,0.6967069403216947,0.37365113865454236,Normal
Bracelet,Silver Alloy,Final Product,0.7076978768915804,0.6716880462923819,0.45904554990049495,0.8693602342008266,0.7774021751375403,Normal
Ring,Silver Alloy,Final Product,0.2835982511704428,0.9721865776173299,0.9776205965417268,0.2565573443662642,0.7304539525599605,Crack
Ring,Pure Silver,Raw Casting,0.34884359545053073,0.2933988087267067,0.7949484368973851,0.2141548578541393,0.6723052710688535,Crack
Pendant,Silver Alloy,Final Product,0.9067935661363966,0.40488477775336074,0.6688834314673782,0.736909350971875,0.6590343395936246,Scratch
Pendant,Silver Alloy,Final Product,0.8935416914462686,0.17324604409891897,0.21132508001573286,0.21279442735149223,0.8598661266184155,Scratch
Necklace,Silver Alloy,Polished,0.7764033192110336,0.16461834866111605,0.9399457449443416,0.5246809491849933,0.8355730321913385,Normal
Ring,Pure Silver,Polished,0.4305580843478396,0.8118611713321522,0.6453862193822852,0.8318227101411763,0.8965679068473803,Normal
Ring,Silver Alloy,Raw Casting,0.1861428733521335,0.466630550320682,0.12604110055240583,0.7854873348611924,0.9402276315757109,Normal
Bracelet,Pure Silver,Polished,0.15809363731490675,0.4768091134394854,0.3716130238804778,0.8571250275123675,0.8038224364283388,Normal
Bracelet,Pure Silver,Final Product,0.6684795975132753,0.2949553393239238,0.8073898549125641,0.38753129310199874,0.966762947482611,Normal
Ring,Pure Silver,Raw Casting,0.5006089947410884,0.5177979021292549,0.18922558852335636,0.9252940977144138,0.9211063822961856,Normal
Ring,Pure Silver,Final Product,0.39535030747500866,0.9763567652529225,0.9234122932474143,0.9538391960896881,0.4015930123173761,Normal
Earring,Silver Alloy,Final Product,0.9809471783043149,0.4323648705990951,0.28667662547546185,0.9360986166325155,0.7589435263479829,Scratch
Ring,Pure Silver,Final Product,0.260615274158878,0.5606157101886009,0.43586742824681435,0.807223205904799,0.9119497991824179,Normal
Necklace,Pure Silver,Final Product,0.19584799387345436,0.5580644100258405,0.745675754514331,0.8128569867841573,0.1941527439200035,Normal
Pendant,Silver Alloy,Polished,0.5602467872746562,0.1886420722399299,0.7643693971555062,0.84169805252727,0.6975989081947946,Normal
Earring,Silver Alloy,Raw Casting,0.6980868809381013,0.3089305376581858,0.2555464954937756,0.47448848565883406,0.741709116821118,Normal
Pendant,Pure Silver,Final Product,0.13471220421419944,0.1697213755201663,0.8065156912656164,0.8725953898732594,0.5714611074910497,Normal
Ring,Pure Silver,Polished,0.6328677085528499,0.9226761891852535,0.9337431417123101,0.49112306414698226,0.6943846805092047,Normal
Ring,Silver Alloy,Raw Casting,0.8935271561226671,0.4024075808191169,0.6995819531032382,0.19993414816528654,0.9215792459067148,Scratch
Earring,Pure Silver,Raw Casting,0.29220994823129887,0.7041531586231576,0.916143259435107,0.4066744259055355,0.8630653475223803,Normal
Ring,Pure Silver,Raw Casting,0.145233518478141,0.3938661982529976,0.7902201962420079,0.21723373404209684,0.8277022811769488,Crack
Earring,Silver Alloy,Polished,0.5272876927033526,0.4959320177923031,0.38024889164623343,0.9276353541501352,0.2011053895980684,Normal
Necklace,Pure Silver,Final Product,0.9359994746213363,0.3582767453232054,0.4392779995031073,0.44896556796086673,0.641967556234572,Scratch
Bracelet,Pure Silver,Polished,0.4318054820579723,0.6732822033075038,0.9308635870969671,0.9047884036728343,0.8625725248208742,Normal
Bracelet,Silver Alloy,Raw Casting,0.15976833658165424,0.717734229447717,0.26856412174040306,0.3411858463158183,0.8422514814043787,Normal
Ring,Silver Alloy,Raw Casting,0.17957935410744263,0.2563393473155846,0.3103163187646637,0.3280395631751037,0.2897368003314356,Normal
Pendant,Pure Silver,Raw Casting,0.24825007151924153,0.6533792176214699,0.8302997593725681,0.517665221693463,0.886260266786394,Normal
Pendant,Silver Alloy,Raw Casting,0.889072903616879,0.8650263858080015,0.8892110862054563,0.9796859661036197,0.5475141750270507,Scratch
Ring,Silver Alloy,Raw Casting,0.36383708704307194,0.10981802471929589,0.8914467268867914,0.6140237305813022,0.6381406983697449,Normal
Ring,Pure Silver,Raw Casting,0.8280233440529173,0.23736802133170307,0.7206758882695318,0.8018753314633025,0.6356119979130818,Scratch
Necklace,Pure Silver,Raw Casting,0.8921954015996152,0.8781422633403146,0.1857844165119209,0.6282158974936173,0.9466747774940846,Scratch
Earring,Pure Silver,Final Product,0.6158941924586329,0.6554201639572279,0.747469115873099,0.34030127123653475,0.5837947141416474,Normal
Ring,Silver Alloy,Raw Casting,0.8700746605403799,0.1413290376197545,0.7178702726861704,0.9666529054774758,0.10532934876573743,Scratch
Necklace,Silver Alloy,Polished,0.9105216532678742,0.2942444532979762,0.6835691084863746,0.6673675835306361,0.3032611144378356,Scratch
Earring,Pure Silver,Polished,0.21767601142929027,0.9640998884702057,0.33032542256509595,0.4782113293665561,0.4845880625447404,Normal
Necklace,Pure Silver,Raw Casting,0.7291724526092256,0.9594875321479094,0.11224748086385183,0.7930084917034776,0.832876986663945,Normal
Necklace,Pure Silver,Final Product,0.9781769824359217,0.5971745117439186,0.9929770570845748,0.33554532372589996,0.2158012669365385,Scratch
Pendant,Silver Alloy,Raw Casting,0.39267597780988994,0.3802680378201905,0.284090299077735,0.9204435275442822,0.4541186721657453,Normal
Necklace,Silver Alloy,Polished,0.47394507363652894,0.16590116691793755,0.4886875210836089,0.49281799711208085,0.5239391080945928,Normal
Pendant,Silver Alloy,Final Product,0.34892038050128005,0.5221208920704672,0.8410855005398303,0.598215780110709,0.7216330383006752,Normal
Necklace,Pure Silver,Raw Casting,0.596732934034766,0.7391048789001547,0.7824924490909063,0.3731124071654427,0.6929069606130879,Normal
Ring,Pure Silver,Final Product,0.7473362185308354,0.8798739813501255,0.15517799857081171,0.7824045971778243,0.6706440362717015,Normal
Pendant,Silver Alloy,Raw Casting,0.8082718523267631,0.3936404370709282,0.14386490230418428,0.8938320015017578,0.20436930574554568,Scratch
Bracelet,Silver Alloy,Polished,0.6625513452802781,0.8800827328149736,0.3870970833352697,0.13001840148867463,0.42391535042383355,Crack
Pendant,Silver Alloy,Raw Casting,0.6120705968890315,0.8019795976851477,0.6746099365563989,0.2969682575811579,0.9210115260836631,Crack
Necklace,Pure Silver,Polished,0.7359977089795933,0.9262647766767159,0.7940574100628073,0.22127906918239176,0.5917388682753122,Crack
Pendant,Pure Silver,Raw Casting,0.4799450808978476,0.20351044451738298,0.1910264532973242,0.3473010245071976,0.298886371655635,Normal
Pendant,Silver Alloy,Final Product,0.8532246550751301,0.7856263566933679,0.8509812398933605,0.9679090591275864,0.6144780245178897,Scratch
Bracelet,Pure Silver,Raw Casting,0.23667472382637064,0.26809209075462603,0.4445599082457874,0.9754213438335085,0.7948825436700491,Normal
Ring,Silver Alloy,Raw Casting,0.24944288775020876,0.24030177547331066,0.679657396266742,0.8189270906389814,0.3648839667908622,Normal
Earring,Pure Silver,Raw Casting,0.4057551525166153,0.30425564270676864,0.3660316413272572,0.23820922715276788,0.6596735514407216,Crack
Ring,Pure Silver,Final Product,0.6353569435534249,0.5057659544508047,0.7055656554159228,0.6707812835552305,0.13068302958144326,Normal
Pendant,Pure Silver,Raw Casting,0.5113088744836926,0.9043970762215491,0.9217575569258671,0.9935758674053717,0.7885070842577128,Normal
Ring,Pure Silver,Final Product,0.12229051980876218,0.5691658583780023,0.3687230968412467,0.770760094986471,0.9759153340952851,Normal
Earring,Pure Silver,Final Product,0.7636773948329051,0.6539013919966069,0.5364268256854774,0.22631117467750902,0.7556085475653765,Crack
Pendant,Pure Silver,Polished,0.13680409068749752,0.3969171184405633,0.9204322607440751,0.3148678191692763,0.5277976316170615,Normal
Ring,Silver Alloy,Raw Casting,0.4816498421131937,0.8036548634252686,0.5320041892571435,0.35503241181980416,0.30723370842679026,Normal
Necklace,Silver Alloy,Polished,0.44677851567991844,0.1994087496254543,0.4379509057625084,0.8533603844654073,0.6314914365400349,Normal
Pendant,Silver Alloy,Final Product,0.43040061687413844,0.1274606868186392,0.48448699841358056,0.8607239172935928,0.5724001537774472,Normal
Pendant,Pure Silver,Final Product,0.9785407345688723,0.41228112559007946,0.37542426862255196,0.7848145421250402,0.11601712266936859,Scratch
Earring,Silver Alloy,Raw Casting,0.45161262386705103,0.36581577612958394,0.12073863303675539,0.9582870161558901,0.12325501009166948,Normal
Pendant,Silver Alloy,Final Product,0.8663643106350465,0.2549814166899147,0.40428136413002813,0.26645072309929074,0.5597107449692945,Scratch
Earring,Pure Silver,Polished,0.8792294954889126,0.5082243680291938,0.3882732122143815,0.42873394866006886,0.5392804169797083,Scratch
Bracelet,Pure Silver,Final Product,0.735539352472253,0.642040075262449,0.2513496838259327,0.7835723837603893,0.3811793974566625,Normal
Ring,Pure Silver,Final Product,0.1721573666352303,0.7650968316887287,0.17425234981761373,0.3836804392400385,0.22353157490985615,Normal
Pendant,Silver Alloy,Raw Casting,0.4919725453899323,0.33783966982997776,0.3176485697377036,0.14559271184780373,0.48126648530842886,Crack
Earring,Pure Silver,Raw Casting,0.25768554839104996,0.7003689282654258,0.9033317513775493,0.320676416009287,0.9403494478271185,Normal
Necklace,Silver Alloy,Raw Casting,0.6583362148276657,0.6496788465643465,0.5443048575462603,0.7276617997501108,0.5973341285526647,Normal
Ring,Silver Alloy,Final Product,0.778362789275695,0.9298765784447075,0.1678654040250433,0.618535333614299,0.9604750244171998,Normal
Pendant,Pure Silver,Polished,0.5857708922709742,0.32844338427517117,0.18647051612676535,0.946026266670358,0.6717618216391308,Normal
Bracelet,Silver Alloy,Final Product,0.6222934304906936,0.5882784555746615,0.7999616737709218,0.42011088675623987,0.5904164700822946,Normal
Pendant,Silver Alloy,Polished,0.9772798472128081,0.5848649026702343,0.8378609220639808,0.8352021277109843,0.9492921513444483,Scratch
Ring,Pure Silver,Polished,0.3336037300112119,0.9680027786053846,0.7207402483238902,0.3709654668674405,0.10426452402267551,Normal
Bracelet,Pure Silver,Polished,0.44386699131436236,0.310762011883683,0.14754658086894618,0.16840373380461526,0.22789316949259109,Crack
Bracelet,Silver Alloy,Polished,0.6670926840751802,0.19174556252372754,0.7434775824161468,0.5977617203124359,0.7053714876512193,Normal
Earring,Silver Alloy,Polished,0.23781251560100175,0.9896101102923468,0.2703257215220314,0.6888798794369401,0.5316124247031799,Normal
Necklace,Silver Alloy,Final Product,0.1245306663455142,0.29419196925570434,0.5427046601653503,0.27051124959386275,0.3693846777697499,Crack
Earring,Silver Alloy,Final Product,0.3572318015309688,0.3410494922178636,0.1080385533794272,0.8254202147069842,0.6905672710422095,Normal
Bracelet,Pure Silver,Final Product,0.3036492021093305,0.10489492788948934,0.4582185348496415,0.9552317652383876,0.30823418863368385,Normal
Necklace,Pure Silver,Polished,0.2597636374494158,0.5310496809924915,0.37853476940929864,0.6242371047803177,0.3826200727610686,Normal
Pendant,Pure Silver,Polished,0.5342073038775623,0.38419204911807137,0.20476364904362082,0.3000216219052145,0.31976455835443646,Normal
Earring,Pure Silver,Polished,0.3375609708233738,0.7058941446229473,0.3204700968996501,0.6068942822324306,0.7205002485721067,Normal
Necklace,Silver Alloy,Polished,0.9535980184481163,0.19505320189519448,0.4604493327171302,0.4992352913265793,0.8583866431047703,Scratch
Ring,Silver Alloy,Polished,0.32846934608167927,0.8163827366904166,0.15444562618247754,0.3962548338370798,0.7113601597942851,Normal
Necklace,Pure Silver,Raw Casting,0.9043605336805381,0.38462627087068557,0.8823738853547911,0.9496586784125609,0.3915032893895548,Scratch
Ring,Silver Alloy,Polished,0.9489671634023371,0.9186540454768053,0.459472052185921,0.14518095227692673,0.3552633214112906,Scratch
Necklace,Silver Alloy,Polished,0.2434361332155831,0.31236515484943944,0.1873513726852103,0.2375933932471096,0.5877534448666701,Crack
Ring,Silver Alloy,Polished,0.2567587303064613,0.7099911049479759,0.605652118974226,0.7163471052376442,0.4588540085786451,Normal
Ring,Silver Alloy,Raw Casting,0.20420351824282484,0.6600220107654756,0.24841282710196327,0.15592136968861267,0.8855395078540602,Crack
Necklace,Pure Silver,Polished,0.9382399904727878,0.9137091434944162,0.6272649563273832,0.20489136531181174,0.9370431472574949,Scratch
Bracelet,Pure Silver,Final Product,0.30409676629846716,0.8278253845127257,0.6644680641994989,0.918784428345627,0.8964395427687486,Normal
Bracelet,Silver Alloy,Polished,0.5364134938052082,0.9675440078688768,0.374703572384426,0.18735652946384082,0.7937236154774342,Crack
Ring,Pure Silver,Raw Casting,0.4841835393090713,0.7459401562469515,0.3509196728938857,0.5979481985330457,0.5229279549521567,Normal
Earring,Silver Alloy,Polished,0.5754564493146115,0.44536967259865834,0.33381493424902153,0.6749060175774808,0.859291109576012,Normal
Necklace,Silver Alloy,Final Product,0.5856242289701639,0.6048910075845073,0.6188598918449818,0.5130262089292329,0.43575337296706296,Normal
Pendant,Pure Silver,Raw Casting,0.906613989172561,0.2697001664231835,0.9087585128180876,0.7998495369865667,0.19620650471327755,Scratch
Necklace,Pure Silver,Raw Casting,0.6365887085968429,0.9160183452206552,0.6801825927279752,0.8093981824634476,0.25916020443174215,Normal
Necklace,Silver Alloy,Polished,0.5389527682724915,0.44434745243272566,0.5535627996605501,0.4041035402196156,0.11035188268497138,Normal
Bracelet,Pure Silver,Raw Casting,0.3348861349287181,0.5592247342796091,0.548707060577644,0.15620319059175378,0.6869861080498805,Crack
Earring,Pure Silver,Final Product,0.35887047261449834,0.8345058320798606,0.16218084975316413,0.9350393349192001,0.578935651315329,Normal
Ring,Pure Silver,Polished,0.49290356595278995,0.3530836400384506,0.7295954017043194,0.2839794572156295,0.9734873667206342,Crack
Earring,Silver Alloy,Raw Casting,0.8052047345100397,0.11553673704183803,0.5033158841274308,0.2577088150798581,0.38657640817637073,Scratch
Bracelet,Silver Alloy,Raw Casting,0.8947271851295685,0.9239401508402496,0.6777386270222175,0.44604356891764907,0.6759034535583278,Scratch
Earring,Silver Alloy,Polished,0.26692729596893333,0.8823789892468524,0.21070350941253368,0.31862077768938557,0.6328665493553807,Normal
Ring,Pure Silver,Polished,0.6951920970856393,0.7183757653436218,0.5267136299969598,0.5217323121743779,0.7635438512543438,Normal
Bracelet,Silver Alloy,Final Product,0.9417051627449768,0.7202312796344917,0.8772405093848494,0.3804667719145982,0.3527325945920773,Scratch
Ring,Pure Silver,Final Product,0.8851689002473637,0.7740070325735902,0.3463211790950539,0.10422933679558105,0.2573504494329376,Scratch
Earring,Pure Silver,Final Product,0.2951964954643036,0.4752855929270754,0.7793032897934916,0.3481318035724419,0.41095411284951155,Normal
Bracelet,Silver Alloy,Raw Casting,0.6599762691760656,0.8611068713471246,0.3683796194425639,0.1437212079567323,0.40823923949192653,Crack
Earring,Silver Alloy,Final Product,0.7335750889641093,0.4678819151158675,0.46382503185379875,0.18948089369873639,0.7698995569345176,Crack
Necklace,Silver Alloy,Final Product,0.6521044894889217,0.8374158663091023,0.16786150602162714,0.20882374729316255,0.3521249398175098,Crack
Bracelet,Silver Alloy,Polished,0.9623218679834503,0.9561217336146628,0.1192634361300174,0.500179245030045,0.3238686914059244,Scratch
Ring,Pure Silver,Polished,0.2151168432412076,0.7405663863581777,0.5956616450079715,0.8240583105869534,0.32119405916603816,Normal
Bracelet,Pure Silver,Raw Casting,0.21583242845758566,0.3570384741985523,0.9012937999320932,0.21506706082426608,0.25401861638729395,Crack
Bracelet,Pure Silver,Polished,0.9411760968383693,0.4565941968965288,0.16802972250987447,0.5797176303121913,0.18881349391090757,Scratch
Necklace,Silver Alloy,Polished,0.4528298304345352,0.4204282726940608,0.5243803090416476,0.9893174617433986,0.9602163874452058,Normal
Ring,Pure Silver,Raw Casting,0.5438096099126383,0.21512562842654404,0.2897042298829726,0.6549180666813467,0.4660552691620653,Normal
Bracelet,Pure Silver,Final Product,0.9463100787987027,0.1378092912779056,0.5687486703896447,0.3510906317754281,0.8463371685785795,Scratch
Earring,Pure Silver,Raw Casting,0.8777201978634354,0.14128651461620984,0.9159364412984871,0.342389232863336,0.6959764272256197,Scratch
Ring,Silver Alloy,Final Product,0.8177438130770294,0.2440709739322109,0.2902318069968106,0.2760209304386744,0.5369689718645836,Scratch
Ring,Pure Silver,Final Product,0.7537405315059652,0.9774269001704685,0.6875404327972657,0.24990455441791062,0.7321127363600101,Crack
Ring,Pure Silver,Raw Casting,0.7013978809008942,0.9918702733723935,0.4238252337106674,0.6170823202481339,0.47281714622319404,Normal
Bracelet,Silver Alloy,Final Product,0.24850626903764225,0.923941887695709,0.12305945256829183,0.9934708807834381,0.42794875936570065,Normal
Necklace,Silver Alloy,Final Product,0.36953789776049173,0.5430847769566813,0.14620990251094157,0.10386813019658318,0.7052890742671143,Crack
Necklace,Silver Alloy,Raw Casting,0.5044046736851546,0.9765331516114569,0.7598357395438121,0.28308982211952727,0.8017851360150231,Crack
Necklace,Silver Alloy,Polished,0.5598961342974689,0.5984854636855393,0.5019148665232546,0.6505707890303934,0.8551185882331198,Normal
Earring,Silver Alloy,Final Product,0.9562008109941583,0.8129247115272552,0.3622434750531327,0.8943529085344707,0.41314536570722626,Scratch
Bracelet,Silver Alloy,Final Product,0.2884180715587653,0.366789325362756,0.8351668418252695,0.6663485816299038,0.3718419725765727,Normal
Bracelet,Silver Alloy,Raw Casting,0.5932510393000439,0.640787276062118,0.7780838473484706,0.4677855463877074,0.2755357774659455,Normal
Bracelet,Silver Alloy,Polished,0.8651144859377273,0.8368722934225686,0.1746728476567342,0.5782116932695596,0.902442671502558,Scratch
Pendant,Pure Silver,Final Product,0.5153521347694819,0.5871913814493144,0.13695534773843226,0.39224254632088285,0.12181875424509764,Normal
Necklace,Silver Alloy,Raw Casting,0.8639031921790642,0.9552540069382434,0.48122111443617555,0.35179741984576796,0.78077870836458,Scratch
Pendant,Pure Silver,Final Product,0.9242425812994924,0.18319613314171712,0.443173507770548,0.21475667105514634,0.11142004116549929,Scratch
Ring,Pure Silver,Raw Casting,0.7204084335745969,0.7127053611300359,0.3240869885170152,0.6625213244448159,0.7059341738271625,Normal
Pendant,Pure Silver,Final Product,0.8489893780629445,0.5976881189435634,0.49186676928153994,0.23888713294481506,0.7609275102829947,Scratch
Earring,Silver Alloy,Polished,0.123934800453873,0.6543578645867588,0.666965603711514,0.8204758744013684,0.8602312662550975,Normal
Bracelet,Pure Silver,Polished,0.7390298249116181,0.215969449069657,0.9728367219529787,0.2771115006605236,0.1236102972303964,Crack
Pendant,Pure Silver,Final Product,0.9800648769918079,0.6375238968816437,0.7733313420713914,0.9781289169088383,0.25419479799437417,Scratch
Necklace,Silver Alloy,Raw Casting,0.2230322358090841,0.28023214345250796,0.2875259851864897,0.6930683671551187,0.7112100358289772,Normal
Ring,Silver Alloy,Raw Casting,0.2296213428408011,0.8112065558973347,0.27179794567017257,0.8959343758520698,0.31924558572651746,Normal
Pendant,Pure Silver,Final Product,0.17298908608892655,0.16490894208502355,0.4214643797283878,0.2181635650068891,0.6309090631817071,Crack
Bracelet,Pure Silver,Polished,0.74667927479797,0.2870868813277204,0.8123045597230973,0.6465151783607722,0.376149091343461,Normal
Bracelet,Pure Silver,Raw Casting,0.30295415227777966,0.7352717340324041,0.7305119628832077,0.3925644998406197,0.9655686596278275,Normal
Bracelet,Silver Alloy,Raw Casting,0.24603633667674427,0.30427455544347703,0.8501698829815274,0.9205154328460354,0.6491706254869832,Normal
Pendant,Pure Silver,Polished,0.9680687281504418,0.5683188723087085,0.6642687944200368,0.18528461199312105,0.7504199162921145,Scratch
Ring,Silver Alloy,Polished,0.8638901114774656,0.5532523739911234,0.8566107142114546,0.7249808471658817,0.9604143256688699,Scratch
Earring,Silver Alloy,Polished,0.5836559041202868,0.8740170868339429,0.2594784872104462,0.27783360573071214,0.35967404142796155,Crack
Pendant,Silver Alloy,Raw Casting,0.10941326271716034,0.9261983085105767,0.8254285928755662,0.24138596525160863,0.9754964814569629,Crack
Pendant,Silver Alloy,Raw Casting,0.9376056619327994,0.9473179136356572,0.49262085299167446,0.4076817974895319,0.8420678314154976,Scratch
Ring,Silver Alloy,Final Product,0.38637364770679905,0.4079137677921787,0.7398010187582413,0.7502414657788511,0.38463511487101887,Normal
Ring,Pure Silver,Raw Casting,0.33969103678819546,0.940314605401095,0.9544467723840355,0.16732426990839025,0.27688180157039965,Crack
Ring,Pure Silver,Raw Casting,0.2328465102379517,0.4909132934054039,0.2844611532154645,0.8677506067709917,0.7787075366665696,Normal
Bracelet,Silver Alloy,Raw Casting,0.8179132763765259,0.32183670868824105,0.8568466146918425,0.12494172456433367,0.6896295848095135,Scratch
Bracelet,Silver Alloy,Raw Casting,0.6463883110778904,0.8734653564744282,0.671026965358164,0.33834208358347534,0.8199323470130722,Normal
Necklace,Silver Alloy,Final Product,0.16262087260217067,0.5555004873279652,0.16193926980604073,0.8298106859643111,0.24819302520030528,Normal
Pendant,Pure Silver,Final Product,0.6029831458443508,0.939974077284254,0.4767541228615244,0.1825623057442978,0.5240931152480514,Crack
Earring,Pure Silver,Polished,0.49549809439138826,0.6492914832181975,0.8596388330266946,0.2536915634981146,0.4069548588257309,Crack
Pendant,Pure Silver,Raw Casting,0.9209557596600197,0.9543599385081912,0.8852883595857355,0.2494355881684615,0.14007347244139134,Scratch
Bracelet,Pure Silver,Final Product,0.6272899184925913,0.16439501997514033,0.7487203704319112,0.9175105255656978,0.296260113301342,Normal
Bracelet,Silver Alloy,Final Product,0.22965220686008891,0.8442641013248035,0.9845322636202261,0.5959382971224118,0.2762087854556342,Normal
Bracelet,Pure Silver,Raw Casting,0.48144491439729287,0.40729519279124593,0.9805555074528574,0.6048634126789182,0.8317353675903983,Normal
Bracelet,Pure Silver,Polished,0.36465796054546507,0.15126557206043806,0.23698375359497376,0.7946221717487612,0.466869702269226,Normal
Necklace,Pure Silver,Polished,0.37648517583323426,0.7553243050594811,0.24816388349542964,0.4738120101875658,0.5517756132681367,Normal
Necklace,Pure Silver,Polished,0.9809904199684177,0.32896550097469124,0.747287874113694,0.7981694593657528,0.6011520929808044,Scratch
Earring,Silver Alloy,Raw Casting,0.8049046310454314,0.6721714586240093,0.4199976569297711,0.8881047431713469,0.6701774397678517,Scratch
Necklace,Silver Alloy,Polished,0.32887914915192135,0.33121274697696246,0.970316188743495,0.7226688967532522,0.2961063719765292,Normal
Pendant,Pure Silver,Raw Casting,0.7186238007005081,0.4883423274418828,0.687647751196703,0.8942914057666624,0.28501862520065113,Normal
Ring,Silver Alloy,Polished,0.7109512363000134,0.31438079142113584,0.8273283031337039,0.7449809166262903,0.3488289282449618,Normal
Necklace,Silver Alloy,Raw Casting,0.15923595027576146,0.5777413765052893,0.9701133376931411,0.5294229379614755,0.18929958392218138,Normal
Bracelet,Pure Silver,Final Product,0.4161774096519617,0.6001012185272376,0.6467328542024934,0.6146833787664333,0.7433753890868685,Normal
Necklace,Silver Alloy,Raw Casting,0.340624690549577,0.30861310842966383,0.6172692989055942,0.186678774802088,0.4263439815378338,Crack
Necklace,Pure Silver,Polished,0.5025512399658727,0.7525425052166366,0.7895717220350312,0.9848646159218627,0.9706233280168093,Normal
Ring,Silver Alloy,Final Product,0.3155867260968914,0.5661569801490607,0.6614375530839857,0.9443484629595558,0.23749636087919193,Normal
Earring,Silver Alloy,Final Product,0.1635722667733599,0.6391093178734653,0.8196233511772238,0.4954401180397716,0.7873984509034427,Normal
Bracelet,Silver Alloy,Raw Casting,0.6994434533544286,0.8947224842513889,0.9827117292020642,0.7060970143328014,0.4817577120393741,Normal
Earring,Pure Silver,Polished,0.678344115287623,0.20279020986381927,0.36016457586339023,0.8701282129942851,0.7764037680129129,Normal
Ring,Pure Silver,Raw Casting,0.7335688635254336,0.4998388847003188,0.3141154769342546,0.4295953797080292,0.36419122262153736,Normal
Pendant,Silver Alloy,Raw Casting,0.11918055350602227,0.22614692111437285,0.6084248896917352,0.22537510233374,0.315946690445901,Crack
Pendant,Silver Alloy,Raw Casting,0.6247376509963184,0.3763113322937228,0.9843843738543627,0.8130001319751788,0.5564290484084535,Normal
Necklace,Silver Alloy,Raw Casting,0.26337304466761224,0.4526572698235056,0.7909816281428186,0.6646777018175846,0.21266996078375155,Normal
Bracelet,Pure Silver,Final Product,0.5705071156282587,0.4824220639115987,0.3191024769453804,0.22659231460966853,0.5899218778383403,Crack
Bracelet,Silver Alloy,Polished,0.5173094010870055,0.860756784526122,0.8550014040318338,0.27583569760385107,0.32599624303286157,Crack
Bracelet,Pure Silver,Raw Casting,0.7825862098973901,0.9723227368201864,0.7468616291332698,0.7303281809932737,0.16620385318708825,Normal
Necklace,Silver Alloy,Final Product,0.4355872662077196,0.36016453610848864,0.7590580898405418,0.7199450590419191,0.20625548350503925,Normal
Pendant,Pure Silver,Final Product,0.7540182301219893,0.22777174722797383,0.6085829655493468,0.5160180751641205,0.38340252759869753,Normal
Bracelet,Pure Silver,Final Product,0.6346842584846029,0.41153123557086047,0.26562068320538923,0.9897466746954993,0.7563977290085011,Normal
Necklace,Silver Alloy,Final Product,0.1241662941716315,0.5965490995693058,0.28033553403579786,0.6373543209540232,0.2757505540260323,Normal
Earring,Pure Silver,Final Product,0.7586126322031449,0.95990806294404,0.32496373063988493,0.9825382398270276,0.6881402479987214,Normal
Bracelet,Pure Silver,Raw Casting,0.28491488316345265,0.9055693809144478,0.1282858024732581,0.30462170136288297,0.44259677750896476,Normal
Bracelet,Pure Silver,Final Product,0.5940546443153358,0.4647990405946335,0.7010073452805455,0.8192706248642604,0.5218580968462875,Normal
Necklace,Pure Silver,Polished,0.8363449375418173,0.5554544418680913,0.3677849742467407,0.9459905628483948,0.9459885150327991,Scratch
Ring,Silver Alloy,Final Product,0.4664194036750492,0.42860291072977996,0.40499368169093575,0.27736640418855574,0.7366154229750124,Crack
Bracelet,Silver Alloy,Polished,0.8461104212101742,0.8447113483109422,0.42939671442625715,0.4326311741182659,0.786570108298111,Scratch
Earring,Pure Silver,Final Product,0.7597114185245109,0.910497695926082,0.6213274933188698,0.8327292515387767,0.40966075955970693,Normal
Ring,Silver Alloy,Raw Casting,0.708805023172824,0.5923485193453377,0.7078628280301009,0.29856448477471176,0.9045816736514387,Crack
Pendant,Silver Alloy,Polished,0.16332842510346546,0.8777075601057941,0.23965278402440413,0.16055330937619888,0.9150223191916983,Crack
Pendant,Pure Silver,Polished,0.32957339164224064,0.17527159754940558,0.34890435264471076,0.45186037583837946,0.4179286236375611,Normal
Necklace,Silver Alloy,Raw Casting,0.32842324644693643,0.825783798528991,0.5886219475776625,0.9084783506508153,0.6422783173924637,Normal
Ring,Pure Silver,Polished,0.9509526920187604,0.4260225944288787,0.8799253236713918,0.4177014470955738,0.9341538143198956,Scratch
Earring,Pure Silver,Final Product,0.38220446688943044,0.45845746576194757,0.14845952179690902,0.7312334318446608,0.4025997226202861,Normal
Bracelet,Pure Silver,Polished,0.7021115354963695,0.8854529365478773,0.46850396342583345,0.3208191193498794,0.4344804797934674,Normal
Pendant,Pure Silver,Final Product,0.6292683540560053,0.9975523537348661,0.48998324066159027,0.44588420032575327,0.36899149160329336,Normal
Ring,Silver Alloy,Raw Casting,0.593942541544748,0.6891994046193419,0.796462587241403,0.20233620137461306,0.8623589254207477,Crack
Bracelet,Pure Silver,Final Product,0.2754384694154131,0.8854037632374617,0.5548066426622834,0.6852123570484114,0.4607417693676288,Normal
Pendant,Pure Silver,Raw Casting,0.8440546550382276,0.18409459334063788,0.8217388920388423,0.757493981647729,0.7620285595934372,Scratch
Bracelet,Pure Silver,Polished,0.6172796411495726,0.18524458393023086,0.6383335414304584,0.9114165977772788,0.3445082250329319,Normal
Ring,Silver Alloy,Final Product,0.9961553047450027,0.9326193150581158,0.7121668073703415,0.13726877624352052,0.13619976376207024,Scratch
Ring,Pure Silver,Polished,0.9814359911434286,0.9891553609365867,0.9597997782330261,0.45362793084404185,0.9633340666660789,Scratch
Ring,Pure Silver,Polished,0.2254144940747415,0.8542303335829508,0.7277812433534468,0.5980659461408123,0.6150009278416517,Normal
Earring,Silver Alloy,Raw Casting,0.8866041562615394,0.30713194415173284,0.5813645717434678,0.8612493549587211,0.3546079154979098,Scratch
Necklace,Pure Silver,Final Product,0.8014866659264688,0.4876993513571354,0.37751909245790005,0.7515283507959978,0.6455017854402749,Scratch
Pendant,Pure Silver,Final Product,0.7012723871545192,0.37935940679314073,0.10085826311305178,0.7146905936212414,0.9366083122852676,Normal
Earring,Silver Alloy,Raw Casting,0.7291031935300659,0.2476287036218547,0.2920406498701399,0.14842571686242562,0.508256814299045,Crack
Pendant,Silver Alloy,Final Product,0.5974520172827383,0.8844610414158165,0.8592575486144384,0.16143810685594673,0.13284986783808977,Crack
Earring,Pure Silver,Raw Casting,0.6694718679732767,0.9538787115532722,0.7791207856316409,0.49145092885208563,0.21888727825276433,Normal
Bracelet,Silver Alloy,Final Product,0.5208918635455623,0.7045545472078302,0.4942267558654956,0.5576567243518356,0.9549388132751324,Normal
Ring,Pure Silver,Raw Casting,0.5201503877665098,0.17930549966994008,0.18211996400852054,0.5359225309968368,0.5487024622072004,Normal
Earring,Silver Alloy,Raw Casting,0.41105942600391043,0.6736846930015443,0.6099724083672847,0.8269250837319075,0.1871141800418336,Normal
Pendant,Silver Alloy,Final Product,0.3214344295760988,0.2697453387545097,0.7096628755706128,0.2783523942431514,0.8840609210206729,Crack
Pendant,Pure Silver,Raw Casting,0.9624460454377846,0.2802960850890478,0.3447688174800232,0.8223824141447824,0.9522039557668326,Scratch
Ring,Pure Silver,Raw Casting,0.3103641702026471,0.13923491825442813,0.7848784836301398,0.5908392065193967,0.9067206804746869,Normal
Bracelet,Silver Alloy,Final Product,0.4831476498807594,0.35179179104583236,0.10110528199959433,0.6160806032184981,0.3678984614344938,Normal
Pendant,Silver Alloy,Final Product,0.1382793791342396,0.15954466040464718,0.5688398512792976,0.36792900753455937,0.9255525398049783,Normal
Pendant,Pure Silver,Final Product,0.7116699846644292,0.5047592702107855,0.8883165710513786,0.3048560526414913,0.7641430697437541,Normal
Bracelet,Pure Silver,Raw Casting,0.7579264714381303,0.9265766927472212,0.9557880785713719,0.5258916294566144,0.35655969073001337,Normal
Necklace,Silver Alloy,Raw Casting,0.4150716930144286,0.47146869032512084,0.34796567618959307,0.5770581619346041,0.9725374835748938,Normal
Pendant,Pure Silver,Final Product,0.730291799656101,0.15397851925131156,0.8676579169930785,0.2771350873125043,0.4166334056982762,Crack
Pendant,Pure Silver,Raw Casting,0.5465349086582515,0.48350408321681415,0.4311712696493497,0.6916345310942598,0.2665038442368683,Normal
Ring,Silver Alloy,Raw Casting,0.616379191482933,0.38726327434138874,0.4446387895928806,0.37241896183783973,0.46591210029204067,Normal
Pendant,Silver Alloy,Raw Casting,0.6689167872465416,0.8669976987807103,0.9682025398096804,0.2151803717561856,0.2922786632446954,Crack
Necklace,Silver Alloy,Polished,0.28292111563908723,0.7667681079092606,0.3039230485583096,0.9203001715476367,0.6564184704517537,Normal
Ring,Pure Silver,Final Product,0.8977870401815118,0.5923634852541593,0.48899756765632973,0.6381846320217432,0.1226386233774392,Scratch
Necklace,Silver Alloy,Raw Casting,0.32531688728939223,0.9303423448971909,0.5892584368786682,0.7370413784642751,0.66103752536263,Normal
Earring,Pure Silver,Polished,0.3635977601931105,0.20741968018345625,0.1545297125542828,0.7262286824064292,0.9543111947508782,Normal
Earring,Silver Alloy,Polished,0.3085867585883135,0.30897424591727396,0.7639192338078235,0.2808541940582717,0.8601305923886855,Crack
Necklace,Pure Silver,Polished,0.23816975405512836,0.8648444550277156,0.1619202271792446,0.459962309644143,0.8041962866218673,Normal
Earring,Silver Alloy,Polished,0.10892920432067503,0.5293074028119977,0.6080802580596409,0.3470996621726757,0.983815873347778,Normal
Necklace,Silver Alloy,Polished,0.4885196937334584,0.6181688310042974,0.5204356574068514,0.9534051440380756,0.8450849212120671,Normal
Pendant,Pure Silver,Raw Casting,0.6426526673990399,0.7618510397548068,0.6835438245743887,0.3905513560771475,0.26552549449870033,Normal
Ring,Silver Alloy,Final Product,0.8165018774844716,0.38236196923229604,0.5771033154770394,0.40157010174725616,0.45761828861616305,Scratch
Earring,Pure Silver,Final Product,0.46841679423930194,0.6326603088877961,0.42992440006407573,0.14386795255953008,0.42248261882513727,Crack
Earring,Pure Silver,Final Product,0.8937876804136815,0.140811646948693,0.9757375034369941,0.21062476672746233,0.9876266683652805,Scratch
Bracelet,Pure Silver,Final Product,0.13530231533493464,0.44818202837276244,0.69267223805316,0.322263910622989,0.8733873820218231,Normal
Ring,Silver Alloy,Polished,0.9418251044854189,0.3302487928037411,0.549556624657676,0.9963104495534747,0.2919773182591473,Scratch
Ring,Pure Silver,Polished,0.9488430073915198,0.6064961512338063,0.5738183540881089,0.7305010935187078,0.9482231725087304,Scratch
Necklace,Pure Silver,Raw Casting,0.9002616195249935,0.3636616535375957,0.11758727502432942,0.35797084184011285,0.2059281971052965,Scratch
Bracelet,Pure Silver,Polished,0.9303379461759593,0.7777200742640886,0.33054781474790673,0.26179169251847384,0.2825536148999195,Scratch
Ring,Silver Alloy,Raw Casting,0.8070531358902743,0.7747719167788291,0.936628771177814,0.6887302113981121,0.550751176027223,Scratch
Ring,Pure Silver,Raw Casting,0.5424229658298677,0.7832178596542595,0.30551618153606264,0.8412449728556894,0.8901975277986568,Normal
Ring,Silver Alloy,Final Product,0.37681547527174775,0.1875053790102948,0.36802299890009205,0.5598152990730533,0.5951864051886162,Normal
Ring,Silver Alloy,Raw Casting,0.3945154910228158,0.3621206221646227,0.1363620673183467,0.796106973958841,0.3187793706972687,Normal
Necklace,Pure Silver,Polished,0.6597705366986644,0.3197326079790983,0.5832897273448411,0.8324302338613055,0.8372765765230287,Normal
Necklace,Pure Silver,Polished,0.8115495578357447,0.8597005078067537,0.10546449702828366,0.714832084938886,0.45361065734688233,Scratch
Earring,Pure Silver,Final Product,0.5293270543641978,0.8321717609018313,0.40762891803887236,0.3331545648606668,0.38576051042741033,Normal
Ring,Silver Alloy,Final Product,0.5770478991508904,0.21246326984933814,0.8638698064445892,0.6704696805255895,0.5660303473727685,Normal
Necklace,Silver Alloy,Raw Casting,0.2888267226668342,0.9028709775387284,0.4931437410884647,0.589475524868919,0.39187462908993453,Normal
Ring,Pure Silver,Raw Casting,0.3244637892746964,0.6365789771122243,0.40002821595084415,0.788220795876812,0.5875034425203027,Normal
Necklace,Pure Silver,Final Product,0.6696180893121885,0.2913583654588615,0.7996766090980265,0.9951642786647874,0.8981035966728885,Normal
Earring,Pure Silver,Polished,0.17473065430696588,0.12905604550762928,0.6866114819115878,0.7340744050247988,0.2885508143092762,Normal
Bracelet,Pure Silver,Raw Casting,0.5548844980956728,0.4151793631618592,0.1803687500928301,0.48554160149216274,0.2191684676679332,Normal
Necklace,Silver Alloy,Raw Casting,0.7783193589915963,0.47429629872956214,0.33303359302880403,0.7182036031685746,0.8258116116717195,Normal
Pendant,Pure Silver,Final Product,0.5394573541154217,0.39910190523608347,0.4637883691704736,0.5484027369457661,0.16767169826270484,Normal
Necklace,Pure Silver,Polished,0.1685644037734629,0.8995886366446952,0.861848412413201,0.7630956655135585,0.7528696165590694,Normal
Necklace,Pure Silver,Polished,0.24007613671449612,0.9878391587812589,0.9030139576840516,0.9373816738860535,0.5606509284548503,Normal
Ring,Pure Silver,Raw Casting,0.7283529529899627,0.6323123374863666,0.7078481033292692,0.6048326097270024,0.385908367174016,Normal
Earring,Silver Alloy,Polished,0.5981129799270022,0.47276126151894604,0.7934572161528232,0.7902740046268997,0.37277674136429495,Normal
Pendant,Silver Alloy,Raw Casting,0.37018906330351253,0.13426699606115183,0.9671082227453623,0.5483514813750059,0.6561233450864645,Normal
Necklace,Silver Alloy,Polished,0.49080337665186313,0.37824154632107654,0.19673203472120565,0.40233917607149006,0.6229104591664754,Normal
Necklace,Pure Silver,Final Product,0.12190480831551953,0.7589130903953596,0.5216622116533205,0.30329606969928136,0.8084592318434165,Normal
Pendant,Pure Silver,Raw Casting,0.21523016053271482,0.5104751367684025,0.39439205699526914,0.9193519784321712,0.12068781816739697,Normal
Ring,Pure Silver,Polished,0.13969749659385683,0.2854639272665015,0.2117582959811942,0.31536319142240976,0.933022873904767,Normal
Ring,Silver Alloy,Polished,0.7024279506790345,0.34901181626516353,0.27430986149890707,0.6017555599413332,0.6245664674994926,Normal
Necklace,Pure Silver,Final Product,0.2378002486750952,0.8152804662928467,0.12069106014264692,0.9764387739191341,0.6492779467103613,Normal
Ring,Pure Silver,Final Product,0.16071524030250428,0.7545500153513154,0.41006221806726995,0.25006515217557745,0.6865258433618057,Crack
Pendant,Pure Silver,Final Product,0.7866029177127035,0.5285872974962145,0.7687522755741593,0.40935223356483563,0.3911386184141805,Normal
Pendant,Pure Silver,Polished,0.41098708647379334,0.2281050718539452,0.6723847597463299,0.15983406312733955,0.6606130260638775,Crack
Pendant,Pure Silver,Final Product,0.10261794988466588,0.40416848590658827,0.3996448594248907,0.5744680675611571,0.32075761642453293,Normal
Ring,Pure Silver,Raw Casting,0.5618906534484895,0.5365114530711134,0.13806449253125955,0.950020288404037,0.2224332524495357,Normal
Necklace,Silver Alloy,Final Product,0.11566293539335476,0.711504086851156,0.3505389402605179,0.3528229934073229,0.9443798256107452,Normal
Bracelet,Pure Silver,Raw Casting,0.5725476672714227,0.6775093651431803,0.3982036101948533,0.8485261027401512,0.5994724388514661,Normal
Ring,Pure Silver,Polished,0.8846617714166308,0.2669642028044734,0.9767468805785272,0.4110165478710732,0.9470957172895503,Scratch
Pendant,Pure Silver,Raw Casting,0.22576392768671932,0.10864614823285139,0.8237702347168079,0.590093437181679,0.5836766850212144,Normal
Pendant,Pure Silver,Final Product,0.2860353498900762,0.5841703876745188,0.5853254918029462,0.8422619741184457,0.7206140491298645,Normal
Earring,Pure Silver,Final Product,0.7812119204933539,0.3809864719448848,0.2007171781473404,0.3804104774592698,0.15041949194034815,Normal
Necklace,Pure Silver,Raw Casting,0.13682552734243558,0.7730351456078639,0.6348689185385892,0.17251385093664068,0.4007717593045127,Crack
Necklace,Silver Alloy,Polished,0.1592838732682587,0.11111668716788238,0.3965465752576963,0.849668864242592,0.9371495033274032,Normal
Necklace,Pure Silver,Final Product,0.8866120258806806,0.1566891704981541,0.30411488677446175,0.1927448716950696,0.3925110166293655,Scratch
Ring,Pure Silver,Raw Casting,0.62784936129442,0.8288487875392241,0.9130881553107104,0.5009809502296176,0.7350020135929382,Normal
Bracelet,Silver Alloy,Polished,0.26383152169213764,0.9544988927796225,0.4566219173593006,0.31568273061533986,0.651456364335462,Normal
Necklace,Pure Silver,Polished,0.3807713953892987,0.3490102926121017,0.6011481804633071,0.15599834925332243,0.1597649292409959,Crack
Pendant,Silver Alloy,Polished,0.32537725446341115,0.7630702967481389,0.4267169403556722,0.817740182026912,0.21509811270191734,Normal
Bracelet,Silver Alloy,Polished,0.8095016147375906,0.6491204275132547,0.625427101280899,0.8632651334290455,0.6276872369995493,Scratch
Pendant,Pure Silver,Polished,0.5067138551626443,0.8305491166194835,0.684862751762007,0.32277103855479927,0.4140791409227791,Normal
Ring,Silver Alloy,Final Product,0.5731946139649203,0.6910066522065273,0.7813839914755394,0.6797946494898107,0.5138871020118179,Normal
Ring,Silver Alloy,Final Product,0.5038570296531657,0.15312686375653384,0.7135729837251223,0.565622294003995,0.4446633780506255,Normal
Earring,Pure Silver,Raw Casting,0.7378137406003631,0.4022021759458917,0.5451479429350472,0.6711488086134929,0.8871441796341143,Normal
Earring,Silver Alloy,Polished,0.19789367023121635,0.9627375752490611,0.40822794336054846,0.4512019573497391,0.5917370717612634,Normal
Pendant,Pure Silver,Final Product,0.46466905073942966,0.7721180856420745,0.2964801580444948,0.8402566677306457,0.31602764057264954,Normal
Bracelet,Silver Alloy,Raw Casting,0.24450630819502636,0.271096912504742,0.44011533989186435,0.32087612233683205,0.8305831864793868,Normal
Ring,Pure Silver,Final Product,0.9593943937245716,0.9847163662465377,0.815182910711417,0.2840743422957459,0.3845899670911428,Scratch
Necklace,Silver Alloy,Polished,0.40499439792223135,0.2691684570113621,0.4648617624150798,0.12109521493068097,0.6627508753451407,Crack
Ring,Silver Alloy,Polished,0.7180508229365786,0.11228002499107433,0.9229871515146512,0.2052475517148035,0.9745196530699675,Crack
Bracelet,Pure Silver,Final Product,0.5762970596568164,0.26311516776822186,0.17950032302316105,0.5756989420898503,0.32026630865536576,Normal
Earring,Pure Silver,Raw Casting,0.8233387630565222,0.20956752252192978,0.8625938504345732,0.49173253623380553,0.7402421622672818,Scratch
Earring,Pure Silver,Raw Casting,0.6749321361577203,0.14245948153353113,0.37454557523086784,0.23003127048726874,0.8260382108256598,Crack
Ring,Pure Silver,Polished,0.9206744206598401,0.5365911947065252,0.45336459710933275,0.1543598137281429,0.8627385274661171,Scratch
Bracelet,Silver Alloy,Raw Casting,0.559633933039062,0.48268896157733987,0.6863506849057981,0.4682508770227446,0.6256640968537843,Normal
Ring,Pure Silver,Polished,0.8522444745308339,0.29711475757374883,0.46584143169596104,0.39437044153666545,0.792264336081365,Scratch
Pendant,Silver Alloy,Polished,0.8371170627228108,0.5140424573217302,0.36941003210503986,0.5966152532158017,0.19679230010253804,Scratch
Necklace,Silver Alloy,Final Product,0.9702389977455239,0.9893194607740436,0.6036970813292974,0.12275965405955754,0.24951403881369824,Scratch
Bracelet,Silver Alloy,Polished,0.556136283477229,0.29486155949102044,0.5713373484884309,0.20408218832810163,0.9484341587066047,Crack
Bracelet,Pure Silver,Final Product,0.5336871323156899,0.5876426339340365,0.455341278421887,0.11813594605036186,0.7679601582868826,Crack
Ring,Pure Silver,Raw Casting,0.5627717834667375,0.30168199950090746,0.37974634251165773,0.7635578718491617,0.3280117505552676,Normal
Earring,Pure Silver,Raw Casting,0.13172327868875916,0.2919729874325503,0.8657021992574667,0.7881834611171945,0.8762456528594885,Normal
Ring,Silver Alloy,Raw Casting,0.37813980034560557,0.17114867639140036,0.8332228760794865,0.7587509504274941,0.14926927744783255,Normal
Pendant,Silver Alloy,Polished,0.16534965350117234,0.9712696818008918,0.6297293317749069,0.1860711913099718,0.7793096365557228,Crack
Pendant,Silver Alloy,Polished,0.9118615297411463,0.18758314318967975,0.8926327773049545,0.44470258749809366,0.9808279675554811,Scratch
Ring,Pure Silver,Polished,0.7952975532117084,0.15796369778672145,0.2966929421926008,0.8808943066655507,0.42253977728955916,Normal
Ring,Pure Silver,Polished,0.9550120255961599,0.10907276377555998,0.24739186274756447,0.8511128197214176,0.2639745267970519,Scratch
Bracelet,Silver Alloy,Final Product,0.8500317157693079,0.3351882907571939,0.7565325198391194,0.8265679362672315,0.4687194226946273,Scratch
Pendant,Silver Alloy,Raw Casting,0.6472123334747628,0.57760456270488,0.8125929966699865,0.39046093950414207,0.6990801734623037,Normal
Ring,Silver Alloy,Raw Casting,0.5252021000046374,0.27573862578783487,0.2452042157036366,0.9498093635211938,0.8151136803764695,Normal
Ring,Pure Silver,Final Product,0.1228540195154459,0.5046555194415537,0.5809005183062209,0.5075792861059031,0.9371076608956089,Normal
Pendant,Silver Alloy,Polished,0.9372874719358446,0.27446521784661554,0.34539631150046396,0.10114533525011858,0.859072178141311,Scratch
Ring,Pure Silver,Final Product,0.6173686810144504,0.7958562174282302,0.6691354530711304,0.677920627211703,0.4353640100817837,Normal
Ring,Pure Silver,Final Product,0.7451960852485359,0.9921314924137673,0.4522027522966183,0.9145132388209074,0.14592560949467165,Normal
Pendant,Pure Silver,Raw Casting,0.9824817332094455,0.38440614328172573,0.845769646294489,0.30285681063042413,0.9307208901815529,Scratch
Pendant,Silver Alloy,Polished,0.18650003455097353,0.6561575761802108,0.3857618706434591,0.24457751791121793,0.8945683899396316,Crack
Bracelet,Pure Silver,Polished,0.8142734357767911,0.48001656089465616,0.7754881310711966,0.39369004317398704,0.19608337163724054,Scratch
Pendant,Pure Silver,Polished,0.9701746174255367,0.8540499478351841,0.9190770054022498,0.7597170543790229,0.7134710049261249,Scratch
Necklace,Silver Alloy,Final Product,0.3013554379392893,0.6448183333035309,0.5821292008337972,0.297758090645062,0.1796065123250631,Crack
Bracelet,Pure Silver,Raw Casting,0.3793570769688719,0.9884563885667991,0.809787369910626,0.894542834125234,0.14582018894363996,Normal
Pendant,Pure Silver,Raw Casting,0.4924398542572691,0.739950472108123,0.980621633033749,0.9113868362357697,0.14280137230627493,Normal
Bracelet,Pure Silver,Polished,0.6048409492785403,0.12170113404981134,0.7878522743276607,0.871035093816509,0.9504075261523816,Normal
Pendant,Pure Silver,Polished,0.971099862817311,0.3584320413021117,0.35019824265408106,0.7289192881363006,0.569285832480256,Scratch
Earring,Pure Silver,Polished,0.5389208772449267,0.5088884292656304,0.964457940748961,0.7056229389689924,0.3831891304208419,Normal
Bracelet,Pure Silver,Final Product,0.6605264279222548,0.20344351493975105,0.43079304293747367,0.72746918348304,0.12607708349628985,Normal
Bracelet,Pure Silver,Final Product,0.8467951143850387,0.5105497940652445,0.954944634897209,0.4190859934072524,0.43647849762546154,Scratch
Ring,Pure Silver,Raw Casting,0.2923040463139799,0.19278166744260472,0.1417381207445716,0.8250296691137469,0.8854251104305204,Normal
Necklace,Silver Alloy,Polished,0.9690936966291359,0.43908039878743343,0.211623639327123,0.8801502566317574,0.577448177807879,Scratch
Bracelet,Pure Silver,Polished,0.996060971593524,0.24612060420482132,0.5172440819403424,0.6124014898053604,0.6636773393329093,Scratch
Bracelet,Silver Alloy,Final Product,0.8505705546108216,0.8302677628469048,0.5919109850246476,0.7264108897666143,0.5512575518118793,Scratch
Bracelet,Silver Alloy,Raw Casting,0.8304282260695964,0.7695803636567377,0.7351401672531402,0.18347184964957028,0.9218537124412685,Scratch
Ring,Silver Alloy,Polished,0.1406665964826528,0.8496176516937538,0.4603623718336445,0.1022866792911687,0.11132536136518613,Crack
Bracelet,Silver Alloy,Raw Casting,0.3339521678561302,0.2589222610627209,0.767837006374326,0.8756509382130025,0.9337981620495385,Normal
Bracelet,Silver Alloy,Final Product,0.14790205958742547,0.7447344758464964,0.3408626552556725,0.32024396323491144,0.7640660532881428,Normal
Pendant,Pure Silver,Polished,0.67045217063493,0.9091763036871603,0.86512565262325,0.15120310247186702,0.4941128325268399,Crack
Necklace,Silver Alloy,Polished,0.24518437450007674,0.8001095025980225,0.5899227592787405,0.6208953857453979,0.6428384407374933,Normal
Bracelet,Silver Alloy,Polished,0.5038131844480607,0.5819383405274866,0.2553989234627322,0.15090829838343164,0.3842257947868636,Crack
Ring,Pure Silver,Polished,0.44740369825011317,0.4759188081943434,0.8616497801840177,0.2378487794814181,0.4799534697948409,Crack
Earring,Silver Alloy,Final Product,0.3365665457401732,0.3991821504716907,0.8695185869546999,0.6182727287761377,0.31802541868758916,Normal
Ring,Pure Silver,Raw Casting,0.7853093346166711,0.2275066777222827,0.44519283803180054,0.6956546025457925,0.9871898746009612,Normal
Pendant,Pure Silver,Polished,0.503458068009966,0.1362578566848507,0.9392525606144023,0.5141355821923145,0.3406457038487922,Normal
Bracelet,Pure Silver,Polished,0.46796279884224357,0.8133800162946314,0.521404486118521,0.8829369762518006,0.21578776471887479,Normal
Earring,Silver Alloy,Raw Casting,0.502601332484754,0.31744882024944937,0.30814997338821504,0.5215817791222945,0.6828918691798882,Normal
Necklace,Silver Alloy,Polished,0.30673605701240886,0.5237869199094624,0.8883892813971808,0.37768509178501153,0.5751122998482513,Normal
Bracelet,Pure Silver,Final Product,0.33442196483517894,0.748844114850543,0.14366543361723752,0.3216101498431363,0.5862735077433334,Normal
Earring,Pure Silver,Final Product,0.8220149139483064,0.9664926625425053,0.5751248619302141,0.34792092049069545,0.6748304664031588,Scratch
Bracelet,Pure Silver,Final Product,0.7556948425397106,0.4098086146537848,0.47158927292755726,0.34762928763515943,0.6827076664345764,Normal
Earring,Pure Silver,Raw Casting,0.7173014581818427,0.6356558862763237,0.2413615707168484,0.6736534106555925,0.3329859674798884,Normal
Bracelet,Silver Alloy,Final Product,0.29291733911959705,0.5958784748525567,0.767146945223175,0.46977645079073993,0.9942906968422899,Normal
Bracelet,Pure Silver,Final Product,0.33426122340257336,0.5859977675615723,0.8104968796303523,0.8485964336003112,0.40623366362773883,Normal
Pendant,Pure Silver,Polished,0.29789093620690943,0.6670640391991787,0.5702627444793654,0.7156721617549643,0.4073043065203257,Normal
Necklace,Silver Alloy,Final Product,0.8431859086051554,0.32824603132602476,0.48497754487682354,0.22465630714175094,0.22644538224580515,Scratch
Bracelet,Silver Alloy,Final Product,0.36524404003694955,0.8074545662647634,0.35719799232283833,0.13434288555930107,0.5453197016449736,Crack
Pendant,Silver Alloy,Raw Casting,0.7237176790438297,0.17510680467575906,0.25483585132153597,0.6877193262908905,0.773218334689627,Normal
Ring,Pure Silver,Polished,0.4419533509636818,0.61962660859324,0.6872242981361717,0.6876341355524249,0.8909550137352875,Normal
Earring,Pure Silver,Final Product,0.6465574671334091,0.8212638572581036,0.5428820005129036,0.7943445300544864,0.30883626754539617,Normal
Necklace,Silver Alloy,Raw Casting,0.11064795782849703,0.796854777286019,0.8551489620201256,0.40229321698903886,0.8942825559468497,Normal
Ring,Pure Silver,Polished,0.47174423058035697,0.5621589056156638,0.9138842367912746,0.18870337932157505,0.8884891610773997,Crack
Necklace,Pure Silver,Final Product,0.40681613778252124,0.12880096049476375,0.9167143571559836,0.9985360859218969,0.8386989349761758,Normal
Bracelet,Pure Silver,Polished,0.5654742094081762,0.7732064479072989,0.42589794514766166,0.7413317537679268,0.21977272768595857,Normal
Necklace,Silver Alloy,Polished,0.41988040753586875,0.7218290621696719,0.17233430271800643,0.7588264410850231,0.34378582680281655,Normal
Pendant,Silver Alloy,Final Product,0.7994291373387533,0.9506807987901597,0.2524179517657791,0.8921220906605853,0.3222611299884006,Normal
Earring,Silver Alloy,Polished,0.5239456722048792,0.207031829101601,0.7403611729279992,0.3689946255499785,0.20898789030803366,Normal
Necklace,Silver Alloy,Polished,0.23417679330628938,0.8419360073014169,0.9374712250003581,0.43020030959245936,0.6884765510162387,Normal
Ring,Silver Alloy,Final Product,0.3462154549990117,0.10736544253646867,0.21644494934311936,0.3857451867472683,0.7077950642670229,Normal
Pendant,Pure Silver,Polished,0.5099072227605377,0.16943949240461464,0.9576676463300743,0.7130531944924646,0.38081820924312737,Normal
Pendant,Pure Silver,Polished,0.41498438764555234,0.13361939025526554,0.3877273933017735,0.41115186222655387,0.13095333870168893,Normal
Earring,Pure Silver,Polished,0.390648448373784,0.1982892228558434,0.8622531709987089,0.9738145458432853,0.6015845208006905,Normal
Earring,Silver Alloy,Raw Casting,0.9174396864636664,0.23193322825523593,0.5492676411848119,0.5049273861111779,0.9752164280384488,Scratch
Necklace,Pure Silver,Final Product,0.6399958006285779,0.9977429038296061,0.6750167322562013,0.5062875235446666,0.6909003011252477,Normal
Bracelet,Silver Alloy,Polished,0.2982184512876894,0.5318192607332064,0.49893156643470615,0.3151425973077033,0.6637232517125377,Normal
Bracelet,Silver Alloy,Final Product,0.26831915198540496,0.5470965745116221,0.5566566345483143,0.4651498581099842,0.636931261339125,Normal
Necklace,Silver Alloy,Final Product,0.46756765121167343,0.2700005556718492,0.8931082148466964,0.9458637753123561,0.2801764789281743,Normal
Earring,Silver Alloy,Polished,0.3408701503596704,0.47982164307919284,0.23535686352612786,0.27709538355655006,0.9013581468456309,Crack
Earring,Silver Alloy,Polished,0.9621517063001399,0.6835469110527529,0.19571999846354143,0.7819939972973744,0.41798187611523185,Scratch
Bracelet,Pure Silver,Polished,0.9618582501669897,0.665239592133281,0.9105233386020696,0.15439326930011554,0.1711499518621124,Scratch
Ring,Silver Alloy,Final Product,0.13732608989402045,0.7153600436516121,0.2801618079877605,0.17719225126708305,0.12747215408406434,Crack
Pendant,Pure Silver,Final Product,0.8926457814371198,0.24191244321947508,0.11262532752726828,0.861260825650512,0.22603251006576505,Scratch
Pendant,Pure Silver,Final Product,0.6974556567751891,0.16185650565435974,0.1203696882888156,0.20727248353051314,0.5014181698155898,Crack
Bracelet,Pure Silver,Final Product,0.5620531899201491,0.6964258160843292,0.7944688576557359,0.8066542203794868,0.4816304738989815,Normal
Pendant,Silver Alloy,Raw Casting,0.40590243850600627,0.5348375451351925,0.7452477634467223,0.1751933415562194,0.46993977377611407,Crack
Bracelet,Pure Silver,Final Product,0.5180111798962326,0.9979161274098887,0.909146219822399,0.8186096556442707,0.28136980011194224,Normal
