Batch_ID,Date,Bangle_Size_mm,Gold_Purity,Initial_Gold_Weight_g,Final_Bangle_Weight_g,Scrap_Weight_g,Scrap_Percentage,Design_Complexity_Score,Machine_Type_Code,Worker_Experience_Years,Furnace_Temperature_C,Rework_Count,Tool_Wear_Index,Anomaly_Flag
BG_TN_001,2024-01-01 00:00:00.000000000,60.8,22,95.188,78.0542,17.1338,18.0,9,1,17,913.88,3,0.572,1
BG_TN_002,2024-01-02 16:40:37.416481069,58.77,22,30.536,25.0395,5.4965,18.0,6,2,10,962.69,4,0.405,1
BG_TN_003,2024-01-04 09:21:14.832962138,60.17,22,89.104,76.5733,12.5307,14.063,9,2,27,917.79,0,0.378,0
BG_TN_004,2024-01-06 02:01:52.249443207,58.06,22,102.354,84.3387,18.0153,17.601,2,1,3,884.39,4,0.741,1
BG_TN_005,2024-01-07 18:42:29.665924276,67.93,18,100.29,91.1145,9.1755,9.149,3,1,4,921.22,2,0.052,0
BG_TN_006,2024-01-09 11:23:07.082405345,65.46,22,66.667,56.9603,9.7067,14.56,2,1,16,989.38,1,0.834,1
BG_TN_007,2024-01-11 04:03:44.498886414,61.17,22,103.163,90.0479,13.1151,12.713,4,3,1,980.89,3,0.717,1
BG_TN_008,2024-01-12 20:44:21.915367483,65.51,22,76.972,69.4488,7.5232,9.774,8,3,28,981.12,0,0.911,1
BG_TN_009,2024-01-14 13:24:59.331848552,62.8,22,42.739,35.046,7.693,18.0,10,2,10,936.0,3,0.807,1
BG_TN_010,2024-01-16 06:05:36.748329621,62.89,22,52.145,44.6752,7.4698,14.325,10,3,19,959.01,0,0.764,0
BG_TN_011,2024-01-17 22:46:14.164810690,60.51,22,81.31,75.9183,5.3917,6.631,4,2,7,1068.43,0,0.314,0
BG_TN_012,2024-01-19 15:26:51.581291759,62.32,22,77.485,63.5377,13.9473,18.0,10,1,9,1079.99,4,0.753,1
BG_TN_013,2024-01-21 08:07:28.997772828,69.78,22,101.206,89.0562,12.1498,12.005,5,2,19,1074.36,1,0.588,0
BG_TN_014,2024-01-23 00:48:06.414253897,66.77,22,92.915,76.3873,16.5277,17.788,9,1,4,908.77,3,0.364,1
BG_TN_015,2024-01-24 17:28:43.830734966,67.42,22,45.241,37.0976,8.1434,18.0,9,2,2,1008.69,1,0.779,1
BG_TN_016,2024-01-26 10:09:21.247216035,56.87,18,62.752,53.3888,9.3632,14.921,6,1,29,1041.94,3,0.491,1
BG_TN_017,2024-01-28 02:49:58.663697104,62.56,22,98.917,87.9896,10.9274,11.047,3,1,23,931.9,0,0.936,1
BG_TN_018,2024-01-29 19:30:36.080178173,60.5,22,68.521,61.9094,6.6116,9.649,4,3,28,969.27,1,0.7,0
BG_TN_019,2024-01-31 12:11:13.496659242,56.33,18,46.378,40.5868,5.7912,12.487,3,2,8,1064.07,0,0.842,0
BG_TN_020,2024-02-02 04:51:50.913140311,60.93,22,114.024,100.324,13.7,12.015,1,1,26,1025.81,3,0.861,1
BG_TN_021,2024-02-03 21:32:28.329621380,56.11,22,67.662,57.8991,9.7629,14.429,8,1,12,1031.55,0,0.576,0
BG_TN_022,2024-02-05 14:13:05.746102449,58.51,18,54.329,47.6014,6.7276,12.383,4,2,13,869.95,0,0.853,1
BG_TN_023,2024-02-07 06:53:43.162583518,66.98,22,73.57,62.4462,11.1238,15.12,5,1,24,863.2,3,0.588,1
BG_TN_024,2024-02-08 23:34:20.579064587,65.29,22,53.587,48.045,5.542,10.342,4,3,22,1022.36,3,0.51,1
BG_TN_025,2024-02-10 16:14:57.995545657,65.48,18,50.686,41.5625,9.1235,18.0,7,2,5,993.18,1,0.946,1
BG_TN_026,2024-02-12 08:55:35.412026726,56.19,22,87.846,77.7279,10.1181,11.518,8,2,13,892.75,0,0.676,0
BG_TN_027,2024-02-14 01:36:12.828507795,57.46,22,100.547,83.641,16.906,16.814,1,2,3,851.1,4,0.672,1
BG_TN_028,2024-02-15 18:16:50.244988864,55.32,22,63.839,56.6916,7.1474,11.196,1,3,26,908.84,4,0.939,1
BG_TN_029,2024-02-17 10:57:27.661469933,56.46,22,40.289,33.7944,6.4946,16.12,7,1,12,1005.73,2,0.616,1
BG_TN_030,2024-02-19 03:38:05.077951002,56.52,22,70.201,63.8682,6.3328,9.021,10,3,10,940.6,2,0.053,0
BG_TN_031,2024-02-20 20:18:42.494432071,69.4,22,63.152,55.7784,7.3736,11.676,3,2,4,1012.61,0,0.659,0
BG_TN_032,2024-02-22 12:59:19.910913140,68.41,22,66.393,59.7059,6.6871,10.072,3,3,11,888.29,2,0.616,0
BG_TN_033,2024-02-24 05:39:57.327394209,58.06,22,47.788,42.7268,5.0612,10.591,2,2,25,1012.12,1,0.705,0
BG_TN_034,2024-02-25 22:20:34.743875278,58.81,22,98.112,86.317,11.795,12.022,4,1,22,877.92,0,0.927,1
BG_TN_035,2024-02-27 15:01:12.160356347,69.41,22,44.212,41.5425,2.6695,6.038,4,3,14,1073.93,0,0.713,0
BG_TN_036,2024-02-29 07:41:49.576837416,63.55,22,28.671,25.719,2.952,10.296,2,1,13,914.05,0,0.945,1
BG_TN_037,2024-03-02 00:22:26.993318485,60.53,22,91.511,81.7971,9.7139,10.615,2,2,6,851.14,1,0.759,1
BG_TN_038,2024-03-03 17:03:04.409799554,62.0,22,95.538,78.3412,17.1968,18.0,10,1,30,1050.24,3,0.932,1
BG_TN_039,2024-03-05 09:43:41.826280623,59.08,22,47.682,43.3344,4.3476,9.118,3,2,25,930.21,2,0.442,0
BG_TN_040,2024-03-07 02:24:19.242761692,63.75,22,41.474,34.0087,7.4653,18.0,10,1,18,952.29,4,0.272,1
BG_TN_041,2024-03-08 19:04:56.659242761,65.88,22,80.15,78.8235,1.3265,1.655,3,3,28,886.09,0,0.546,0
BG_TN_042,2024-03-10 11:45:34.075723830,62.73,22,112.365,97.4126,14.9524,13.307,2,2,12,900.83,1,0.85,0
BG_TN_043,2024-03-12 04:26:11.492204899,67.31,22,49.128,41.8335,7.2945,14.848,7,2,18,949.73,1,0.824,1
BG_TN_044,2024-03-13 21:06:48.908685968,56.7,22,76.3,67.5217,8.7783,11.505,3,1,23,922.82,2,0.653,0
BG_TN_045,2024-03-15 13:47:26.325167037,64.05,22,50.116,44.9064,5.2096,10.395,6,1,7,976.34,0,0.413,0
BG_TN_046,2024-03-17 06:28:03.741648106,69.84,22,95.457,80.6717,14.7853,15.489,9,1,30,916.79,3,0.298,1
BG_TN_047,2024-03-18 23:08:41.158129175,57.24,22,69.374,65.6694,3.7046,5.34,3,2,27,959.28,2,0.073,0
BG_TN_048,2024-03-20 15:49:18.574610244,62.43,18,61.001,53.324,7.677,12.585,2,1,13,857.28,4,0.426,1
BG_TN_049,2024-03-22 08:29:55.991091314,64.45,22,87.333,75.9649,11.3681,13.017,1,2,2,975.84,4,0.503,1
BG_TN_050,2024-03-24 01:10:33.407572383,60.06,22,75.485,61.8977,13.5873,18.0,9,1,8,1000.24,2,0.934,1
BG_TN_051,2024-03-25 17:51:10.824053452,69.47,22,44.109,39.8379,4.2711,9.683,2,1,6,1074.6,0,0.561,0
BG_TN_052,2024-03-27 10:31:48.240534521,62.28,22,64.54,52.9228,11.6172,18.0,7,1,24,1028.9,4,0.571,1
BG_TN_053,2024-03-29 03:12:25.657015590,62.18,22,115.867,99.3339,16.5331,14.269,2,1,8,869.68,3,0.469,1
BG_TN_054,2024-03-30 19:53:03.073496659,68.54,22,101.108,92.6271,8.4809,8.388,1,2,30,941.18,4,0.063,1
BG_TN_055,2024-04-01 12:33:40.489977728,55.24,22,73.65,64.8297,8.8203,11.976,6,1,27,1039.81,3,0.308,1
BG_TN_056,2024-04-03 05:14:17.906458797,68.03,22,87.744,73.8813,13.8627,15.799,10,3,30,1029.55,3,0.642,1
BG_TN_057,2024-04-04 21:54:55.322939866,56.94,22,38.525,31.5905,6.9345,18.0,7,2,8,863.38,3,0.687,1
BG_TN_058,2024-04-06 14:35:32.739420935,60.69,22,64.253,56.5523,7.7007,11.985,3,2,8,857.05,1,0.905,1
BG_TN_059,2024-04-08 07:16:10.155902004,62.33,22,110.008,101.1018,8.9062,8.096,3,1,18,973.96,1,0.483,0
BG_TN_060,2024-04-09 23:56:47.572383073,62.15,22,42.871,39.6445,3.2265,7.526,7,3,5,961.88,0,0.669,0
BG_TN_061,2024-04-11 16:37:24.988864142,55.59,18,118.283,96.9921,21.2909,18.0,8,1,24,884.31,2,0.767,1
BG_TN_062,2024-04-13 09:18:02.405345211,59.76,22,105.571,87.7897,17.7813,16.843,10,3,20,916.21,3,0.733,1
BG_TN_063,2024-04-15 01:58:39.821826280,60.35,22,90.182,80.2719,9.9101,10.989,8,1,12,937.39,0,0.163,0
BG_TN_064,2024-04-16 18:39:17.238307348,69.34,22,60.494,49.6051,10.8889,18.0,6,3,8,1046.8,4,0.851,1
BG_TN_065,2024-04-18 11:19:54.654788418,68.75,22,33.747,28.7103,5.0367,14.925,8,1,6,914.84,0,0.728,1
BG_TN_066,2024-04-20 04:00:32.071269488,63.77,22,52.995,44.8173,8.1777,15.431,10,2,13,1051.42,0,0.652,1
BG_TN_067,2024-04-21 20:41:09.487750556,69.0,18,95.395,87.5917,7.8033,8.18,3,1,28,1060.05,1,0.18,0
BG_TN_068,2024-04-23 13:21:46.904231626,67.96,18,65.054,53.8569,11.1971,17.212,9,3,11,911.71,2,0.899,1
BG_TN_069,2024-04-25 06:02:24.320712694,60.64,22,101.274,83.6554,17.6186,17.397,9,2,11,1063.2,1,0.662,1
BG_TN_070,2024-04-26 22:43:01.737193764,56.75,22,45.501,40.5901,4.9109,10.793,3,1,14,870.19,3,0.221,1
BG_TN_071,2024-04-28 15:23:39.153674832,64.11,22,103.256,92.4451,10.8109,10.47,4,1,17,945.62,1,0.577,0
BG_TN_072,2024-04-30 08:04:16.570155902,59.85,22,106.711,101.6348,5.0762,4.757,5,3,16,874.87,1,0.183,1
BG_TN_073,2024-05-02 00:44:53.986636970,55.15,22,93.609,82.5697,11.0393,11.793,10,2,14,930.79,2,0.099,0
BG_TN_074,2024-05-03 17:25:31.403118040,69.72,22,44.381,36.8811,7.4999,16.899,10,3,6,920.79,2,0.691,1
BG_TN_075,2024-05-05 10:06:08.819599108,69.54,22,46.175,40.1025,6.0725,13.151,2,1,24,1040.32,3,0.714,1
BG_TN_076,2024-05-07 02:46:46.236080178,63.05,22,31.108,26.4776,4.6304,14.885,8,2,24,1058.07,1,0.514,1
BG_TN_077,2024-05-08 19:27:23.652561246,64.27,22,29.874,27.1779,2.6961,9.025,5,2,27,933.48,3,0.185,1
BG_TN_078,2024-05-10 12:08:01.069042316,65.03,22,95.212,79.7343,15.4777,16.256,6,2,24,934.8,4,0.344,1
BG_TN_079,2024-05-12 04:48:38.485523384,68.9,22,71.694,64.2644,7.4296,10.363,10,2,21,1091.17,1,0.144,1
BG_TN_080,2024-05-13 21:29:15.902004454,62.01,22,97.344,84.5988,12.7452,13.093,9,3,1,890.6,3,0.254,1
BG_TN_081,2024-05-15 14:09:53.318485522,63.74,22,51.861,49.9043,1.9567,3.773,8,3,22,968.28,0,0.109,0
BG_TN_082,2024-05-17 06:50:30.734966592,58.4,22,57.8,47.4694,10.3306,17.873,9,1,4,997.98,2,0.647,1
BG_TN_083,2024-05-18 23:31:08.151447660,58.64,22,109.997,93.4095,16.5875,15.08,10,2,25,1014.47,1,0.751,1
BG_TN_084,2024-05-20 16:11:45.567928730,62.83,22,119.751,111.2846,8.4664,7.07,1,3,7,888.38,2,0.516,0
BG_TN_085,2024-05-22 08:52:22.984409798,58.44,22,34.667,28.5653,6.1017,17.601,7,2,2,929.28,2,0.645,1
BG_TN_086,2024-05-24 01:33:00.400890868,55.45,22,99.029,97.3406,1.6884,1.705,1,2,18,887.07,1,0.185,0
BG_TN_087,2024-05-25 18:13:37.817371936,60.53,22,77.834,63.8239,14.0101,18.0,9,2,14,1039.23,2,0.867,1
BG_TN_088,2024-05-27 10:54:15.233853006,66.25,22,25.432,21.5106,3.9214,15.419,10,3,12,1031.89,2,0.585,1
BG_TN_089,2024-05-29 03:34:52.650334074,59.16,18,83.572,73.2224,10.3496,12.384,5,1,19,1055.46,4,0.162,1
BG_TN_090,2024-05-30 20:15:30.066815144,67.94,22,51.593,43.5853,8.0077,15.521,7,2,6,957.35,1,0.531,1
BG_TN_091,2024-06-01 12:56:07.483296212,65.54,22,58.303,47.9146,10.3884,17.818,5,1,7,854.73,3,0.463,1
BG_TN_092,2024-06-03 05:36:44.899777282,64.8,18,117.081,96.0064,21.0746,18.0,10,2,9,1074.89,4,0.831,1
BG_TN_093,2024-06-04 22:17:22.316258350,68.39,22,95.554,84.2576,11.2964,11.822,2,2,12,876.39,2,0.725,1
BG_TN_094,2024-06-06 14:57:59.732739420,56.11,18,30.18,26.7473,3.4327,11.374,9,2,15,906.04,0,0.137,0
BG_TN_095,2024-06-08 07:38:37.149220488,57.68,22,89.693,75.7673,13.9257,15.526,4,1,5,857.69,2,0.633,1
BG_TN_096,2024-06-10 00:19:14.565701558,68.64,22,26.235,23.8828,2.3522,8.966,2,1,1,948.86,1,0.098,0
BG_TN_097,2024-06-11 16:59:51.982182628,68.61,22,109.188,89.6586,19.5294,17.886,9,2,12,1023.58,2,0.496,1
BG_TN_098,2024-06-13 09:40:29.398663696,56.17,22,81.685,66.9817,14.7033,18.0,10,1,26,1082.22,1,0.802,1
BG_TN_099,2024-06-15 02:21:06.815144766,66.61,22,84.928,77.0925,7.8355,9.226,8,1,10,987.05,0,0.219,0
BG_TN_100,2024-06-16 19:01:44.231625834,55.23,22,26.563,22.0229,4.5401,17.092,3,1,22,871.84,4,0.633,1
BG_TN_101,2024-06-18 11:42:21.648106904,57.03,22,32.96,28.5114,4.4486,13.497,9,2,9,1071.04,1,0.416,0
BG_TN_102,2024-06-20 04:22:59.064587972,56.65,22,74.985,63.5235,11.4615,15.285,9,2,11,874.62,4,0.154,1
BG_TN_103,2024-06-21 21:03:36.481069042,59.41,22,61.265,54.1595,7.1055,11.598,7,3,30,900.98,2,0.848,0
BG_TN_104,2024-06-23 13:44:13.897550110,60.82,22,102.738,91.3074,11.4306,11.126,7,3,24,905.03,2,0.698,0
BG_TN_105,2024-06-25 06:24:51.314031180,68.66,22,51.977,44.8546,7.1224,13.703,6,2,14,1071.51,4,0.29,1
BG_TN_106,2024-06-26 23:05:28.730512248,61.55,22,62.968,58.0181,4.9499,7.861,10,3,17,952.42,1,0.231,0
BG_TN_107,2024-06-28 15:46:06.146993318,56.86,22,36.4,33.8229,2.5771,7.08,3,3,26,1060.86,4,0.372,1
BG_TN_108,2024-06-30 08:26:43.563474386,59.09,22,72.773,60.8542,11.9188,16.378,3,2,25,989.18,4,0.693,1
BG_TN_109,2024-07-02 01:07:20.979955456,55.1,22,115.727,94.8961,20.8309,18.0,5,2,19,969.47,4,0.874,1
BG_TN_110,2024-07-03 17:47:58.396436524,55.42,22,50.26,48.0104,2.2496,4.476,8,3,25,1046.75,0,0.514,0
BG_TN_111,2024-07-05 10:28:35.812917594,61.47,22,100.129,84.5459,15.5831,15.563,9,1,23,902.73,4,0.053,1
BG_TN_112,2024-07-07 03:09:13.229398662,62.68,22,40.576,36.5399,4.0361,9.947,6,2,22,917.91,3,0.062,1
BG_TN_113,2024-07-08 19:49:50.645879732,58.75,22,109.161,95.6098,13.5512,12.414,7,2,28,1077.85,3,0.27,1
BG_TN_114,2024-07-10 12:30:28.062360800,60.7,22,73.7,64.0866,9.6134,13.044,3,1,14,1000.96,1,0.755,0
BG_TN_115,2024-07-12 05:11:05.478841870,56.55,22,36.952,31.1069,5.8451,15.818,4,1,6,945.19,4,0.201,1
BG_TN_116,2024-07-13 21:51:42.895322938,64.88,18,99.356,81.4719,17.8841,18.0,9,1,21,1007.3,3,0.569,1
BG_TN_117,2024-07-15 14:32:20.311804008,60.89,22,109.321,97.9625,11.3585,10.39,3,1,19,1037.32,4,0.076,1
BG_TN_118,2024-07-17 07:12:57.728285076,57.42,22,38.781,33.4013,5.3797,13.872,4,1,12,1028.01,2,0.34,0
BG_TN_119,2024-07-18 23:53:35.144766146,62.46,22,36.155,30.7072,5.4478,15.068,4,2,10,976.44,2,0.644,1
BG_TN_120,2024-07-20 16:34:12.561247214,58.13,22,48.882,42.9208,5.9612,12.195,7,1,20,1006.0,1,0.663,0
BG_TN_121,2024-07-22 09:14:49.977728284,59.38,22,73.92,68.0027,5.9173,8.005,5,2,11,909.18,1,0.066,0
BG_TN_122,2024-07-24 01:55:27.394209352,56.86,22,115.26,103.5761,11.6839,10.137,2,2,14,970.51,2,0.208,0
BG_TN_123,2024-07-25 18:36:04.810690422,66.71,22,106.757,99.1901,7.5669,7.088,1,2,4,1070.7,1,0.258,0
BG_TN_124,2024-07-27 11:16:42.227171490,59.19,22,55.839,47.7691,8.0699,14.452,8,3,11,1078.57,4,0.281,1
BG_TN_125,2024-07-29 03:57:19.643652560,69.34,22,28.54,23.4028,5.1372,18.0,8,2,8,855.45,3,0.373,1
BG_TN_126,2024-07-30 20:37:57.060133628,61.08,22,81.592,66.9054,14.6866,18.0,10,2,1,913.6,4,0.757,1
BG_TN_127,2024-08-01 13:18:34.476614696,57.33,22,79.602,74.2703,5.3317,6.698,7,3,10,915.4,0,0.143,0
BG_TN_128,2024-08-03 05:59:11.893095768,65.58,22,47.946,42.1719,5.7741,12.043,7,1,21,931.84,2,0.257,0
BG_TN_129,2024-08-04 22:39:49.309576836,66.0,18,82.338,70.9688,11.3692,13.808,4,1,17,925.91,4,0.486,1
BG_TN_130,2024-08-06 15:20:26.726057904,68.22,22,118.251,96.9658,21.2852,18.0,9,2,4,920.31,2,0.752,1
BG_TN_131,2024-08-08 08:01:04.142538976,56.97,22,38.717,34.5882,4.1288,10.664,4,3,12,968.32,2,0.744,0
BG_TN_132,2024-08-10 00:41:41.559020044,66.85,18,54.906,52.3578,2.5482,4.641,3,1,19,910.24,0,0.148,0
BG_TN_133,2024-08-11 17:22:18.975501112,67.9,18,105.554,94.7263,10.8277,10.258,3,2,14,1032.55,3,0.531,1
BG_TN_134,2024-08-13 10:02:56.391982180,59.57,22,40.122,33.1424,6.9796,17.396,8,1,1,857.2,1,0.634,1
BG_TN_135,2024-08-15 02:43:33.808463252,61.82,22,37.233,34.1743,3.0587,8.215,3,3,16,1090.72,2,0.442,1
BG_TN_136,2024-08-16 19:24:11.224944320,64.29,22,41.342,33.9004,7.4416,18.0,7,1,12,897.12,2,0.817,1
BG_TN_137,2024-08-18 12:04:48.641425388,58.68,22,98.121,87.8193,10.3017,10.499,5,2,3,1073.6,3,0.149,1
BG_TN_138,2024-08-20 04:45:26.057906456,68.07,22,37.106,31.365,5.741,15.472,10,1,15,1019.84,1,0.554,1
BG_TN_139,2024-08-21 21:26:03.474387528,65.49,22,33.657,30.1425,3.5145,10.442,2,3,18,1071.01,3,0.695,1
BG_TN_140,2024-08-23 14:06:40.890868596,67.85,22,84.561,74.0746,10.4864,12.401,1,1,30,958.73,2,0.933,1
BG_TN_141,2024-08-25 06:47:18.307349664,61.75,22,97.849,87.9574,9.8916,10.109,4,1,21,930.97,4,0.059,1
BG_TN_142,2024-08-26 23:27:55.723830732,62.78,22,96.853,80.9507,15.9023,16.419,5,1,28,1002.62,2,0.701,1
BG_TN_143,2024-08-28 16:08:33.140311804,57.91,22,66.145,59.4624,6.6826,10.103,8,1,12,898.88,0,0.357,0
BG_TN_144,2024-08-30 08:49:10.556792872,59.71,22,112.077,91.9031,20.1739,18.0,5,2,4,955.24,4,0.721,1
BG_TN_145,2024-09-01 01:29:47.973273940,65.94,22,39.333,32.2531,7.0799,18.0,10,1,11,985.43,4,0.524,1
BG_TN_146,2024-09-02 18:10:25.389755008,69.39,22,66.945,54.8949,12.0501,18.0,4,2,25,880.87,4,0.752,1
BG_TN_147,2024-09-04 10:51:02.806236080,57.28,22,60.082,54.2679,5.8141,9.677,4,2,27,1050.35,3,0.198,1
BG_TN_148,2024-09-06 03:31:40.222717148,55.76,22,76.888,63.0482,13.8398,18.0,8,2,18,964.59,2,0.873,1
BG_TN_149,2024-09-07 20:12:17.639198216,56.01,22,43.36,39.445,3.915,9.029,1,1,3,983.0,2,0.399,0
BG_TN_150,2024-09-09 12:52:55.055679284,61.53,22,38.977,37.9679,1.0091,2.589,1,3,20,1019.73,0,0.773,0
BG_TN_151,2024-09-11 05:33:32.472160356,66.89,22,118.419,103.1193,15.2997,12.92,7,3,27,1074.58,4,0.313,1
BG_TN_152,2024-09-12 22:14:09.888641424,58.37,22,53.702,44.186,9.516,17.72,5,1,27,884.36,4,0.172,1
BG_TN_153,2024-09-14 14:54:47.305122492,62.16,22,72.472,68.0142,4.4578,6.151,4,3,6,897.94,0,0.359,0
BG_TN_154,2024-09-16 07:35:24.721603560,62.73,22,112.045,93.5878,18.4572,16.473,5,2,15,880.94,3,0.657,1
BG_TN_155,2024-09-18 00:16:02.138084632,67.57,22,53.752,44.0766,9.6754,18.0,9,1,12,1090.73,4,0.878,1
BG_TN_156,2024-09-19 16:56:39.554565700,57.46,22,59.827,53.331,6.496,10.858,4,2,26,957.82,2,0.497,0
BG_TN_157,2024-09-21 09:37:16.971046768,55.22,22,78.5,64.37,14.13,18.0,9,1,24,1029.54,4,0.35,1
BG_TN_158,2024-09-23 02:17:54.387527836,62.6,18,31.466,25.8021,5.6639,18.0,4,2,7,891.6,4,0.889,1
BG_TN_159,2024-09-24 18:58:31.804008908,60.33,18,27.221,24.3119,2.9091,10.687,3,2,6,1082.0,0,0.716,0
BG_TN_160,2024-09-26 11:39:09.220489976,59.38,22,85.112,76.3948,8.7172,10.242,2,3,20,881.38,4,0.457,1
BG_TN_161,2024-09-28 04:19:46.636971044,66.58,22,60.234,51.5958,8.6382,14.341,7,3,30,1018.83,4,0.637,1
BG_TN_162,2024-09-29 21:00:24.053452116,65.25,22,32.553,28.2316,4.3214,13.275,10,2,13,856.66,0,0.279,1
BG_TN_163,2024-10-01 13:41:01.469933184,56.26,18,52.231,43.511,8.72,16.695,8,1,8,1066.07,3,0.498,1
BG_TN_164,2024-10-03 06:21:38.886414252,63.22,22,90.878,74.6772,16.2008,17.827,7,2,8,947.06,4,0.41,1
BG_TN_165,2024-10-04 23:02:16.302895320,66.97,22,97.163,89.765,7.398,7.614,3,2,22,1006.99,2,0.271,0
BG_TN_166,2024-10-06 15:42:53.719376392,68.65,22,73.013,67.1238,5.8892,8.066,5,2,7,999.84,0,0.13,0
BG_TN_167,2024-10-08 08:23:31.135857460,55.0,22,45.973,42.9586,3.0144,6.557,2,2,16,900.64,2,0.255,0
BG_TN_168,2024-10-10 01:04:08.552338528,67.11,18,104.752,85.8966,18.8554,18.0,6,2,17,963.62,4,0.769,1
BG_TN_169,2024-10-11 17:44:45.968819596,55.65,22,44.731,37.2967,7.4343,16.62,9,1,11,850.61,0,0.734,1
BG_TN_170,2024-10-13 10:25:23.385300668,65.23,22,96.907,89.3696,7.5374,7.778,9,3,28,1045.83,0,0.444,0
BG_TN_171,2024-10-15 03:06:00.801781736,63.97,22,39.556,32.4359,7.1201,18.0,6,2,26,963.83,4,0.843,1
BG_TN_172,2024-10-16 19:46:38.218262804,69.28,22,113.811,104.0517,9.7593,8.575,9,3,3,919.4,1,0.192,0
BG_TN_173,2024-10-18 12:27:15.634743872,64.48,18,98.47,80.7454,17.7246,18.0,10,2,9,948.42,4,0.711,1
BG_TN_174,2024-10-20 05:07:53.051224944,56.05,22,72.618,65.7491,6.8689,9.459,3,1,20,951.99,0,0.737,0
BG_TN_175,2024-10-21 21:48:30.467706012,65.06,22,66.246,59.6585,6.5875,9.944,4,1,18,889.87,3,0.11,1
BG_TN_176,2024-10-23 14:29:07.884187080,58.82,22,79.433,69.403,10.03,12.627,5,2,13,941.59,1,0.829,0
BG_TN_177,2024-10-25 07:09:45.300668148,67.48,22,87.806,72.0009,15.8051,18.0,8,2,12,1019.13,4,0.747,1
BG_TN_178,2024-10-26 23:50:22.717149220,55.47,22,77.999,65.7446,12.2544,15.711,5,1,5,989.86,3,0.468,1
BG_TN_179,2024-10-28 16:31:00.133630288,59.86,22,91.103,75.3458,15.7572,17.296,7,1,25,1098.03,4,0.495,1
BG_TN_180,2024-10-30 09:11:37.550111356,65.15,22,33.33,28.6138,4.7162,14.15,6,2,13,1037.18,1,0.576,0
BG_TN_181,2024-11-01 01:52:14.966592424,57.33,22,64.631,59.2259,5.4051,8.363,5,3,19,1057.1,1,0.481,0
BG_TN_182,2024-11-02 18:32:52.383073496,64.69,22,96.581,91.4854,5.0956,5.276,5,3,20,886.77,2,0.099,0
BG_TN_183,2024-11-04 11:13:29.799554564,65.46,22,66.643,58.9891,7.6539,11.485,5,3,29,980.1,4,0.438,1
BG_TN_184,2024-11-06 03:54:07.216035632,66.01,22,117.213,96.1147,21.0983,18.0,10,2,15,911.1,4,0.828,1
BG_TN_185,2024-11-07 20:34:44.632516700,68.13,22,75.729,67.1004,8.6286,11.394,5,3,2,909.72,1,0.531,0
BG_TN_186,2024-11-09 13:15:22.048997772,61.2,22,54.541,46.2999,8.2411,15.11,4,1,15,932.3,4,0.27,1
BG_TN_187,2024-11-11 05:55:59.465478840,57.14,22,109.748,89.9934,19.7546,18.0,6,1,12,992.32,3,0.867,1
BG_TN_188,2024-11-12 22:36:36.881959908,58.9,22,65.111,57.0776,8.0334,12.338,7,2,17,953.64,1,0.434,0
BG_TN_189,2024-11-14 15:17:14.298440976,60.85,18,76.888,70.4079,6.4801,8.428,7,3,23,949.55,2,0.216,0
BG_TN_190,2024-11-16 07:57:51.714922048,55.82,22,85.931,70.4634,15.4676,18.0,9,2,27,941.35,4,0.586,1
BG_TN_191,2024-11-18 00:38:29.131403116,65.63,22,106.321,101.2633,5.0577,4.757,4,3,16,1096.61,2,0.207,1
BG_TN_192,2024-11-19 17:19:06.547884184,55.95,22,44.897,38.2756,6.6214,14.748,7,3,11,955.61,4,0.612,1
BG_TN_193,2024-11-21 09:59:43.964365256,55.87,22,108.011,94.0203,13.9907,12.953,8,3,25,1079.63,3,0.66,1
BG_TN_194,2024-11-23 02:40:21.380846324,68.99,22,79.505,67.1054,12.3996,15.596,8,3,12,1098.24,4,0.223,1
BG_TN_195,2024-11-24 19:20:58.797327392,67.09,22,59.812,51.1183,8.6937,14.535,2,1,17,1005.29,4,0.333,1
BG_TN_196,2024-11-26 12:01:36.213808460,58.81,22,56.848,48.9268,7.9212,13.934,5,2,17,1094.22,1,0.579,1
BG_TN_197,2024-11-28 04:42:13.630289532,60.13,18,118.269,109.4449,8.8241,7.461,3,1,19,1099.94,1,0.248,1
BG_TN_198,2024-11-29 21:22:51.046770600,67.39,22,114.973,100.4979,14.4751,12.59,10,3,22,1053.75,1,0.789,0
BG_TN_199,2024-12-01 14:03:28.463251668,64.29,22,76.832,68.634,8.198,10.67,3,1,18,1028.75,1,0.708,0
BG_TN_200,2024-12-03 06:44:05.879732736,58.97,22,57.905,56.5801,1.3249,2.288,1,1,4,905.28,0,0.208,0
BG_TN_201,2024-12-04 23:24:43.296213808,61.74,22,117.518,110.4775,7.0405,5.991,2,2,1,895.92,0,0.58,0
BG_TN_202,2024-12-06 16:05:20.712694876,67.83,22,26.552,21.7726,4.7794,18.0,10,2,3,863.26,3,0.565,1
BG_TN_203,2024-12-08 08:45:58.129175944,55.01,22,29.648,27.0802,2.5678,8.661,5,2,22,904.26,1,0.386,0
BG_TN_204,2024-12-10 01:26:35.545657012,69.89,18,71.228,58.407,12.821,18.0,10,2,3,982.04,4,0.641,1
BG_TN_205,2024-12-11 18:07:12.962138084,63.49,22,80.764,67.6754,13.0886,16.206,10,3,19,959.3,3,0.437,1
BG_TN_206,2024-12-13 10:47:50.378619152,57.73,22,25.622,22.3129,3.3091,12.915,6,1,14,1038.7,1,0.45,0
BG_TN_207,2024-12-15 03:28:27.795100220,67.0,22,42.812,39.9295,2.8825,6.733,1,2,7,925.25,0,0.405,0
BG_TN_208,2024-12-16 20:09:05.211581288,56.14,22,33.189,30.0865,3.1025,9.348,6,2,15,1005.14,0,0.567,0
BG_TN_209,2024-12-18 12:49:42.628062360,61.15,22,48.731,43.3735,5.3575,10.994,5,1,20,940.23,3,0.051,1
BG_TN_210,2024-12-20 05:30:20.044543428,63.6,22,42.373,37.3103,5.0627,11.948,2,2,1,905.28,2,0.591,0
BG_TN_211,2024-12-21 22:10:57.461024496,58.71,18,36.807,35.2854,1.5216,4.134,2,1,17,1043.98,1,0.158,0
BG_TN_212,2024-12-23 14:51:34.877505564,68.28,18,37.299,34.0924,3.2066,8.597,3,2,22,923.17,3,0.255,1
BG_TN_213,2024-12-25 07:32:12.293986636,65.45,22,60.282,51.5875,8.6945,14.423,4,1,17,979.72,2,0.782,0
BG_TN_214,2024-12-27 00:12:49.710467704,57.43,22,37.23,33.6004,3.6296,9.749,6,1,26,912.78,0,0.254,0
BG_TN_215,2024-12-28 16:53:27.126948772,57.29,22,98.475,96.9979,1.4771,1.5,1,3,25,1012.1,0,0.608,0
BG_TN_216,2024-12-30 09:34:04.543429840,55.93,18,63.264,56.1873,7.0767,11.186,6,3,14,893.56,4,0.278,1
BG_TN_217,2025-01-01 02:14:41.959910912,63.57,22,36.098,30.2707,5.8273,16.143,10,3,4,865.68,1,0.946,1
BG_TN_218,2025-01-02 18:55:19.376391980,57.81,22,86.878,71.24,15.638,18.0,10,3,7,1006.71,4,0.934,1
BG_TN_219,2025-01-04 11:35:56.792873048,63.14,22,99.877,91.0888,8.7882,8.799,4,2,30,973.59,2,0.349,0
BG_TN_220,2025-01-06 04:16:34.209354116,67.29,22,59.167,49.931,9.236,15.61,9,3,22,1012.75,2,0.87,1
BG_TN_221,2025-01-07 20:57:11.625835188,68.19,22,25.583,21.3907,4.1923,16.387,6,3,21,869.52,4,0.87,1
BG_TN_222,2025-01-09 13:37:49.042316256,56.75,22,86.766,79.9219,6.8441,7.888,7,1,24,1044.36,1,0.234,0
BG_TN_223,2025-01-11 06:18:26.458797324,59.98,22,96.629,94.5631,2.0659,2.138,4,3,25,862.08,0,0.388,1
BG_TN_224,2025-01-12 22:59:03.875278392,61.26,22,109.483,91.8311,17.6519,16.123,10,1,28,1089.09,4,0.22,1
BG_TN_225,2025-01-14 15:39:41.291759464,60.75,18,92.749,81.3557,11.3933,12.284,3,1,9,1084.82,3,0.256,1
BG_TN_226,2025-01-16 08:20:18.708240532,61.28,22,81.7,74.1697,7.5303,9.217,1,2,20,1050.22,1,0.524,0
BG_TN_227,2025-01-18 01:00:56.124721600,61.9,22,57.593,51.9541,5.6389,9.791,1,2,7,928.21,2,0.502,0
BG_TN_228,2025-01-19 17:41:33.541202672,66.35,22,48.164,45.3556,2.8084,5.831,1,2,16,1011.41,0,0.457,0
BG_TN_229,2025-01-21 10:22:10.957683740,59.58,22,31.163,28.2109,2.9521,9.473,5,3,11,1097.96,4,0.229,1
BG_TN_230,2025-01-23 03:02:48.374164808,60.15,22,102.834,89.3298,13.5042,13.132,2,2,27,1029.26,4,0.53,1
BG_TN_231,2025-01-24 19:43:25.790645876,60.85,22,78.229,65.2907,12.9383,16.539,4,2,10,1015.13,2,0.902,1
BG_TN_232,2025-01-26 12:24:03.207126948,57.27,22,52.35,48.6426,3.7074,7.082,7,3,16,857.55,0,0.374,1
BG_TN_233,2025-01-28 05:04:40.623608016,64.46,22,36.842,30.2104,6.6316,18.0,2,2,14,859.08,4,0.669,1
BG_TN_234,2025-01-29 21:45:18.040089084,61.0,22,52.394,42.9631,9.4309,18.0,9,1,2,1007.13,4,0.258,1
BG_TN_235,2025-01-31 14:25:55.456570152,68.74,22,96.989,86.3997,10.5893,10.918,2,3,23,966.31,4,0.727,1
BG_TN_236,2025-02-02 07:06:32.873051224,67.32,22,45.5,41.107,4.393,9.655,4,3,10,972.6,2,0.568,0
BG_TN_237,2025-02-03 23:47:10.289532292,58.45,22,29.95,26.4611,3.4889,11.649,2,2,19,897.92,0,0.876,1
BG_TN_238,2025-02-05 16:27:47.706013360,58.63,22,61.105,54.1928,6.9122,11.312,5,1,21,926.27,2,0.12,0
BG_TN_239,2025-02-07 09:08:25.122494428,66.73,22,56.902,50.6923,6.2097,10.913,8,1,21,1072.46,0,0.641,0
BG_TN_240,2025-02-09 01:49:02.538975500,63.4,22,91.219,82.3936,8.8254,9.675,4,2,4,941.24,1,0.429,0
BG_TN_241,2025-02-10 18:29:39.955456568,55.15,22,77.82,71.1547,6.6653,8.565,4,1,22,1092.72,0,0.383,1
BG_TN_242,2025-02-12 11:10:17.371937636,64.45,22,69.908,65.7359,4.1721,5.968,1,2,11,891.7,0,0.35,0
BG_TN_243,2025-02-14 03:50:54.788418704,60.92,18,117.727,96.5361,21.1909,18.0,9,2,18,982.95,2,0.862,1
BG_TN_244,2025-02-15 20:31:32.204899776,66.78,22,105.192,93.9344,11.2576,10.702,9,2,17,1009.57,0,0.277,0
BG_TN_245,2025-02-17 13:12:09.621380844,66.2,22,37.174,32.3451,4.8289,12.99,10,2,25,1021.52,0,0.618,0
BG_TN_246,2025-02-19 05:52:47.037861912,68.83,22,48.597,40.96,7.637,15.715,10,1,12,1051.36,3,0.074,1
BG_TN_247,2025-02-20 22:33:24.454342980,65.49,22,64.84,53.1688,11.6712,18.0,9,1,6,1039.06,4,0.917,1
BG_TN_248,2025-02-22 15:14:01.870824048,68.69,22,31.795,27.4391,4.3559,13.7,6,3,11,1054.49,3,0.772,1
BG_TN_249,2025-02-24 07:54:39.287305120,59.27,22,97.023,79.5589,17.4641,18.0,7,1,1,864.77,2,0.671,1
BG_TN_250,2025-02-26 00:35:16.703786192,60.08,22,97.977,82.9336,15.0434,15.354,7,2,30,870.22,2,0.517,1
BG_TN_251,2025-02-27 17:15:54.120267256,55.89,18,52.78,49.267,3.513,6.656,2,2,16,883.28,0,0.374,0
BG_TN_252,2025-03-01 09:56:31.536748328,68.0,22,111.009,101.4889,9.5201,8.576,2,2,20,899.5,2,0.442,0
BG_TN_253,2025-03-03 02:37:08.953229392,57.31,22,77.486,66.6829,10.8031,13.942,3,3,1,1029.54,3,0.643,1
BG_TN_254,2025-03-04 19:17:46.369710464,63.27,22,46.243,41.8152,4.4278,9.575,5,3,8,984.47,2,0.508,0
BG_TN_255,2025-03-06 11:58:23.786191536,62.64,22,84.042,72.1543,11.8877,14.145,6,3,11,1026.73,2,0.854,1
BG_TN_256,2025-03-08 04:39:01.202672600,67.21,22,88.894,86.3996,2.4944,2.806,5,3,27,999.79,0,0.342,0
BG_TN_257,2025-03-09 21:19:38.619153672,60.82,22,93.167,76.7379,16.4291,17.634,9,2,22,989.92,0,0.827,1
BG_TN_258,2025-03-11 14:00:16.035634744,57.14,18,117.278,105.8809,11.3971,9.718,10,3,26,896.42,2,0.321,0
BG_TN_259,2025-03-13 06:40:53.452115808,60.75,22,111.796,101.2514,10.5446,9.432,7,2,10,1065.06,0,0.181,0
BG_TN_260,2025-03-14 23:21:30.868596880,55.72,22,64.261,60.5846,3.6764,5.721,2,1,3,1043.21,0,0.165,0
BG_TN_261,2025-03-16 16:02:08.285077952,59.52,18,66.023,55.5537,10.4693,15.857,4,1,6,1039.0,4,0.289,1
BG_TN_262,2025-03-18 08:42:45.701559016,64.45,22,27.228,24.1796,3.0484,11.196,2,2,17,1082.94,1,0.875,1
BG_TN_263,2025-03-20 01:23:23.118040088,55.86,22,64.662,55.5117,9.1503,14.151,9,2,12,948.86,0,0.77,0
BG_TN_264,2025-03-21 18:04:00.534521152,69.85,22,41.829,37.214,4.615,11.033,2,1,17,955.47,1,0.712,0
BG_TN_265,2025-03-23 10:44:37.951002224,63.04,22,36.416,33.6506,2.7654,7.594,7,3,15,967.77,0,0.326,0
BG_TN_266,2025-03-25 03:25:15.367483296,59.5,22,102.505,93.7193,8.7857,8.571,3,3,16,937.43,4,0.245,1
BG_TN_267,2025-03-26 20:05:52.783964360,67.51,18,27.072,23.5835,3.4885,12.886,1,2,11,977.8,3,0.376,1
BG_TN_268,2025-03-28 12:46:30.200445432,57.06,22,37.26,34.8724,2.3876,6.408,5,3,11,1006.56,0,0.651,0
BG_TN_269,2025-03-30 05:27:07.616926504,59.83,18,88.115,83.029,5.086,5.772,2,1,24,996.85,1,0.196,0
BG_TN_270,2025-03-31 22:07:45.033407568,69.06,22,78.883,71.8056,7.0774,8.972,3,1,12,894.11,0,0.526,0
BG_TN_271,2025-04-02 14:48:22.449888640,58.6,22,65.758,61.5824,4.1756,6.35,1,1,14,1031.3,1,0.382,0
BG_TN_272,2025-04-04 07:28:59.866369704,65.99,22,101.72,87.2381,14.4819,14.237,4,2,30,867.65,3,0.734,1
BG_TN_273,2025-04-06 00:09:37.282850776,56.21,22,47.622,40.6097,7.0123,14.725,4,1,16,901.8,3,0.63,1
BG_TN_274,2025-04-07 16:50:14.699331848,62.99,18,44.629,41.2617,3.3673,7.545,8,1,22,949.17,0,0.184,0
BG_TN_275,2025-04-09 09:30:52.115812912,64.87,22,73.8,60.8378,12.9622,17.564,10,1,21,1056.7,4,0.328,1
BG_TN_276,2025-04-11 02:11:29.532293984,58.15,22,35.132,30.5441,4.5879,13.059,1,3,24,913.01,4,0.777,1
BG_TN_277,2025-04-12 18:52:06.948775056,59.91,22,90.462,74.1788,16.2832,18.0,10,3,21,1056.87,3,0.848,1
BG_TN_278,2025-04-14 11:32:44.365256120,63.26,18,113.826,97.7071,16.1189,14.161,6,1,6,995.15,1,0.51,0
BG_TN_279,2025-04-16 04:13:21.781737192,63.85,22,102.085,84.3528,17.7322,17.37,9,2,18,1024.78,2,0.794,1
BG_TN_280,2025-04-17 20:53:59.198218256,57.31,22,108.715,103.3662,5.3488,4.92,1,2,7,924.09,0,0.24,0
BG_TN_281,2025-04-19 13:34:36.614699328,61.16,22,31.93,27.3819,4.5481,14.244,5,1,25,1092.76,4,0.415,1
BG_TN_282,2025-04-21 06:15:14.031180400,70.0,18,65.283,61.3699,3.9131,5.994,2,1,18,1012.74,0,0.629,0
BG_TN_283,2025-04-22 22:55:51.447661464,59.84,22,110.779,100.491,10.288,9.287,8,2,13,870.12,0,0.075,1
BG_TN_284,2025-04-24 15:36:28.864142536,66.78,22,104.93,97.8913,7.0387,6.708,4,3,17,1051.59,1,0.527,0
BG_TN_285,2025-04-26 08:17:06.280623608,58.02,18,81.41,69.7944,11.6156,14.268,7,3,6,966.82,3,0.817,1
BG_TN_286,2025-04-28 00:57:43.697104672,61.92,22,87.17,79.4171,7.7529,8.894,10,3,8,1058.7,1,0.239,0
BG_TN_287,2025-04-29 17:38:21.113585744,62.77,22,50.271,44.3566,5.9144,11.765,10,1,19,1025.15,2,0.061,0
BG_TN_288,2025-05-01 10:18:58.530066808,63.94,22,50.197,45.7495,4.4475,8.86,4,2,8,1091.56,0,0.633,1
BG_TN_289,2025-05-03 02:59:35.946547880,65.76,22,31.338,27.2036,4.1344,13.193,9,2,2,1077.3,0,0.645,0
BG_TN_290,2025-05-04 19:40:13.363028952,66.94,22,110.683,109.0228,1.6602,1.5,1,2,21,1016.62,0,0.268,0
BG_TN_291,2025-05-06 12:20:50.779510016,65.5,22,52.454,44.642,7.812,14.893,5,2,17,1041.36,4,0.344,1
BG_TN_292,2025-05-08 05:01:28.195991088,67.11,22,119.288,97.8997,21.3883,17.93,6,2,16,865.01,4,0.36,1
BG_TN_293,2025-05-09 21:42:05.612472160,68.29,22,25.649,21.5149,4.1341,16.118,5,2,19,1048.72,4,0.125,1
BG_TN_294,2025-05-11 14:22:43.028953224,59.89,22,100.917,82.7519,18.1651,18.0,10,1,25,1033.82,3,0.72,1
BG_TN_295,2025-05-13 07:03:20.445434296,67.41,18,74.951,61.4598,13.4912,18.0,8,2,1,1085.82,4,0.243,1
BG_TN_296,2025-05-14 23:43:57.861915368,62.8,22,28.992,25.9968,2.9952,10.331,3,1,20,1038.77,1,0.745,0
BG_TN_297,2025-05-16 16:24:35.278396432,58.89,22,88.003,81.9211,6.0819,6.911,1,2,10,1004.24,0,0.636,0
BG_TN_298,2025-05-18 09:05:12.694877504,57.6,22,91.733,89.0874,2.6456,2.884,2,3,1,1044.6,1,0.143,0
BG_TN_299,2025-05-20 01:45:50.111358568,66.47,22,91.464,80.4389,11.0251,12.054,6,3,14,1000.6,3,0.723,1
BG_TN_300,2025-05-21 18:26:27.527839640,64.55,22,91.113,77.9973,13.1157,14.395,8,1,1,970.67,4,0.179,1
BG_TN_301,2025-05-23 11:07:04.944320712,56.06,18,89.426,73.3293,16.0967,18.0,7,2,4,1094.95,3,0.642,1
BG_TN_302,2025-05-25 03:47:42.360801776,63.81,22,97.92,96.4512,1.4688,1.5,1,3,29,973.56,0,0.12,0
BG_TN_303,2025-05-26 20:28:19.777282848,55.67,22,61.11,53.4975,7.6125,12.457,3,1,4,875.25,2,0.573,1
BG_TN_304,2025-05-28 13:08:57.193763920,60.87,18,115.983,99.2664,16.7166,14.413,1,2,29,861.41,4,0.45,1
BG_TN_305,2025-05-30 05:49:34.610244984,63.57,22,70.865,62.5554,8.3096,11.726,8,3,11,942.22,2,0.522,0
BG_TN_306,2025-05-31 22:30:12.026726056,64.75,22,50.443,48.4919,1.9511,3.868,3,3,27,964.07,0,0.724,0
BG_TN_307,2025-06-02 15:10:49.443207120,57.37,22,119.321,99.5471,19.7739,16.572,4,2,30,989.07,3,0.714,1
BG_TN_308,2025-06-04 07:51:26.859688192,55.67,18,51.554,47.6168,3.9372,7.637,9,3,18,867.41,3,0.091,1
BG_TN_309,2025-06-06 00:32:04.276169264,63.64,22,66.871,60.7744,6.0966,9.117,9,3,23,987.6,1,0.197,0
BG_TN_310,2025-06-07 17:12:41.692650328,67.28,22,91.285,82.35,8.935,9.788,4,3,28,1089.63,1,0.934,1
BG_TN_311,2025-06-09 09:53:19.109131400,66.95,22,100.823,90.3455,10.4775,10.392,8,2,13,1037.92,1,0.445,0
BG_TN_312,2025-06-11 02:33:56.525612472,60.39,22,55.082,46.3432,8.7388,15.865,9,2,9,1025.85,0,0.79,1
BG_TN_313,2025-06-12 19:14:33.942093536,63.65,22,28.35,24.1241,4.2259,14.906,4,1,2,978.81,3,0.546,1
BG_TN_314,2025-06-14 11:55:11.358574608,65.78,18,79.915,67.4483,12.4667,15.6,3,2,16,1071.09,2,0.746,1
BG_TN_315,2025-06-16 04:35:48.775055672,68.1,22,81.239,74.2175,7.0215,8.643,1,1,28,872.73,4,0.114,1
BG_TN_316,2025-06-17 21:16:26.191536744,62.37,22,94.309,83.2635,11.0455,11.712,6,1,13,1044.36,0,0.501,0
BG_TN_317,2025-06-19 13:57:03.608017816,68.13,22,49.794,40.8311,8.9629,18.0,10,2,25,1028.32,3,0.727,1
BG_TN_318,2025-06-21 06:37:41.024498880,59.77,22,102.969,99.8284,3.1406,3.05,1,3,6,944.58,0,0.424,0
BG_TN_319,2025-06-22 23:18:18.440979952,58.29,22,98.524,88.5337,9.9903,10.14,4,2,4,972.63,0,0.694,0
BG_TN_320,2025-06-24 15:58:55.857461024,59.41,22,106.857,94.8035,12.0535,11.28,2,1,14,888.0,1,0.798,0
BG_TN_321,2025-06-26 08:39:33.273942088,65.95,22,96.821,84.4347,12.3863,12.793,5,3,24,851.56,3,0.783,1
BG_TN_322,2025-06-28 01:20:10.690423160,68.28,22,88.946,73.9799,14.9661,16.826,7,2,14,933.94,4,0.235,1
BG_TN_323,2025-06-29 18:00:48.106904232,62.07,22,77.641,64.8,12.841,16.539,4,1,10,934.52,2,0.867,1
BG_TN_324,2025-07-01 10:41:25.523385296,65.44,22,106.458,90.9673,15.4907,14.551,2,2,10,980.13,3,0.574,1
BG_TN_325,2025-07-03 03:22:02.939866368,57.08,22,46.466,44.7049,1.7611,3.79,1,3,4,936.47,3,0.215,1
BG_TN_326,2025-07-04 20:02:40.356347432,62.61,22,88.176,77.9917,10.1843,11.55,6,3,2,1072.33,1,0.763,0
BG_TN_327,2025-07-06 12:43:17.772828504,61.52,22,100.25,86.7203,13.5297,13.496,5,2,4,886.08,4,0.279,1
BG_TN_328,2025-07-08 05:23:55.189309576,61.47,22,98.6,85.429,13.171,13.358,2,2,12,1055.98,3,0.35,1
BG_TN_329,2025-07-09 22:04:32.605790640,57.82,18,37.314,35.4032,1.9108,5.121,3,3,24,986.08,2,0.425,0
BG_TN_330,2025-07-11 14:45:10.022271712,64.34,22,54.817,49.5452,5.2718,9.617,4,2,30,905.31,0,0.505,0
BG_TN_331,2025-07-13 07:25:47.438752784,65.08,18,113.612,93.1618,20.4502,18.0,9,2,11,1069.01,4,0.205,1
BG_TN_332,2025-07-15 00:06:24.855233848,64.54,22,98.584,80.8389,17.7451,18.0,8,3,5,988.27,4,0.815,1
BG_TN_333,2025-07-16 16:47:02.271714920,66.14,22,39.695,33.2958,6.3992,16.121,6,1,19,874.16,1,0.788,1
BG_TN_334,2025-07-18 09:27:39.688195984,61.87,22,70.912,58.6499,12.2621,17.292,8,1,24,1066.66,3,0.324,1
BG_TN_335,2025-07-20 02:08:17.104677056,67.79,22,102.028,85.7719,16.2561,15.933,10,3,12,918.12,1,0.923,1
BG_TN_336,2025-07-21 18:48:54.521158128,63.57,22,106.655,97.9829,8.6721,8.131,5,1,19,992.9,3,0.103,1
BG_TN_337,2025-07-23 11:29:31.937639192,68.23,22,74.399,65.9257,8.4733,11.389,1,2,4,1019.73,4,0.16,1
BG_TN_338,2025-07-25 04:10:09.354120264,61.15,22,34.637,28.4023,6.2347,18.0,2,2,17,1036.0,4,0.739,1
BG_TN_339,2025-07-26 20:50:46.770601336,65.5,22,45.838,39.6962,6.1418,13.399,4,2,19,1029.14,4,0.268,1
BG_TN_340,2025-07-28 13:31:24.187082400,57.95,22,27.322,24.9794,2.3426,8.574,9,1,25,1057.9,0,0.238,0
BG_TN_341,2025-07-30 06:12:01.603563472,56.25,18,40.745,36.1331,4.6119,11.319,7,1,27,1042.63,4,0.07,1
BG_TN_342,2025-07-31 22:52:39.020044536,68.97,22,30.807,28.4296,2.3774,7.717,1,1,4,897.17,1,0.346,0
BG_TN_343,2025-08-02 15:33:16.436525608,60.56,22,91.501,87.0339,4.4671,4.882,3,2,21,989.28,1,0.118,0
BG_TN_344,2025-08-04 08:13:53.853006680,55.69,22,91.592,75.1054,16.4866,18.0,6,2,10,973.43,4,0.624,1
BG_TN_345,2025-08-06 00:54:31.269487744,64.28,22,67.115,63.0948,4.0202,5.99,5,2,24,883.31,1,0.056,0
BG_TN_346,2025-08-07 17:35:08.685968816,69.0,22,108.692,97.5054,11.1866,10.292,5,1,6,958.33,1,0.443,0
BG_TN_347,2025-08-09 10:15:46.102449888,66.54,18,38.897,31.8955,7.0015,18.0,8,1,18,1044.18,3,0.847,1
BG_TN_348,2025-08-11 02:56:23.518930952,69.81,22,43.431,35.6134,7.8176,18.0,5,2,8,961.14,4,0.558,1
BG_TN_349,2025-08-12 19:37:00.935412024,69.03,22,83.084,77.75,5.334,6.42,2,3,15,948.03,4,0.347,1
BG_TN_350,2025-08-14 12:17:38.351893088,61.83,22,75.167,67.0362,8.1308,10.817,3,2,30,969.08,4,0.148,1
BG_TN_351,2025-08-16 04:58:15.768374160,58.51,22,36.608,30.8053,5.8027,15.851,8,1,17,991.24,0,0.909,1
BG_TN_352,2025-08-17 21:38:53.184855232,55.98,22,111.151,95.143,16.008,14.402,9,2,27,1041.23,3,0.067,1
BG_TN_353,2025-08-19 14:19:30.601336296,59.08,22,84.075,68.9415,15.1335,18.0,7,1,25,1063.32,4,0.5,1
BG_TN_354,2025-08-21 07:00:08.017817368,64.48,22,82.755,77.2948,5.4602,6.598,6,2,29,922.26,0,0.382,0
BG_TN_355,2025-08-22 23:40:45.434298440,68.66,22,60.446,53.9753,6.4707,10.705,4,1,8,915.92,0,0.742,0
BG_TN_356,2025-08-24 16:21:22.850779504,55.03,22,82.59,67.7238,14.8662,18.0,7,2,11,929.0,4,0.581,1
BG_TN_357,2025-08-26 09:02:00.267260576,67.26,22,31.793,27.8675,3.9255,12.347,1,1,8,1066.28,1,0.895,1
BG_TN_358,2025-08-28 01:42:37.683741648,66.47,22,53.615,43.9643,9.6507,18.0,7,1,18,1075.14,3,0.907,1
BG_TN_359,2025-08-29 18:23:15.100222712,65.36,22,85.171,75.6191,9.5519,11.215,1,2,13,935.46,2,0.705,0
BG_TN_360,2025-08-31 11:03:52.516703784,56.92,22,81.878,70.4511,11.4269,13.956,10,1,28,1058.36,0,0.479,0
BG_TN_361,2025-09-02 03:44:29.933184848,55.8,22,74.972,61.7627,13.2093,17.619,7,2,16,986.08,2,0.531,1
BG_TN_362,2025-09-03 20:25:07.349665920,66.05,22,30.044,25.6059,4.4381,14.772,6,1,5,1089.48,0,0.877,1
BG_TN_363,2025-09-05 13:05:44.766146992,64.62,22,55.555,49.0412,6.5138,11.725,10,3,11,992.51,0,0.712,0
BG_TN_364,2025-09-07 05:46:22.182628056,60.55,22,118.529,97.1938,21.3352,18.0,10,1,6,1076.04,1,0.724,1
BG_TN_365,2025-09-08 22:26:59.599109128,60.18,18,114.603,93.9745,20.6285,18.0,2,2,16,988.62,3,0.896,1
BG_TN_366,2025-09-10 15:07:37.015590200,55.49,22,102.922,97.2386,5.6834,5.522,2,2,11,937.28,0,0.385,0
BG_TN_367,2025-09-12 07:48:14.432071264,69.9,22,31.057,25.7317,5.3253,17.147,5,1,2,1062.3,1,0.797,1
BG_TN_368,2025-09-14 00:28:51.848552336,67.55,22,31.981,26.2244,5.7566,18.0,10,1,9,934.34,4,0.728,1
BG_TN_369,2025-09-15 17:09:29.265033400,69.61,22,45.203,41.4869,3.7161,8.221,6,2,29,1047.15,0,0.395,0
BG_TN_370,2025-09-17 09:50:06.681514472,67.27,22,103.637,84.9823,18.6547,18.0,6,2,4,982.67,4,0.73,1
BG_TN_371,2025-09-19 02:30:44.097995544,61.88,22,44.373,42.378,1.995,4.496,1,1,13,930.9,1,0.146,0
BG_TN_372,2025-09-20 19:11:21.514476608,67.68,22,46.404,41.6583,4.7457,10.227,9,1,23,969.05,0,0.066,0
BG_TN_373,2025-09-22 11:51:58.930957680,57.98,22,49.738,40.7852,8.9528,18.0,6,1,16,1076.52,4,0.837,1
BG_TN_374,2025-09-24 04:32:36.347438752,65.09,22,94.656,77.6179,17.0381,18.0,9,1,18,924.35,0,0.929,1
BG_TN_375,2025-09-25 21:13:13.763919816,58.56,22,75.12,68.405,6.715,8.939,4,1,9,871.58,0,0.439,1
BG_TN_376,2025-09-27 13:53:51.180400888,60.89,22,106.75,95.4548,11.2952,10.581,2,2,25,1075.97,3,0.401,1
BG_TN_377,2025-09-29 06:34:28.596881952,68.08,22,32.224,27.4258,4.7982,14.89,10,2,21,879.5,2,0.254,1
BG_TN_378,2025-09-30 23:15:06.013363024,61.37,18,29.898,25.4614,4.4366,14.839,7,3,15,907.73,3,0.893,1
BG_TN_379,2025-10-02 15:55:43.429844096,68.41,22,105.395,88.9123,16.4827,15.639,10,3,21,969.92,4,0.284,1
BG_TN_380,2025-10-04 08:36:20.846325160,63.99,22,35.352,29.8261,5.5259,15.631,8,1,30,1044.96,1,0.631,1
BG_TN_381,2025-10-06 01:16:58.262806232,59.41,22,92.919,76.4352,16.4838,17.74,10,2,9,1094.39,0,0.784,1
BG_TN_382,2025-10-07 17:57:35.679287304,58.91,22,82.434,74.8492,7.5848,9.201,8,3,18,896.71,1,0.458,0
BG_TN_383,2025-10-09 10:38:13.095768368,55.05,22,44.689,39.7156,4.9734,11.129,8,3,22,908.12,0,0.912,1
BG_TN_384,2025-10-11 03:18:50.512249440,63.58,18,49.72,40.7704,8.9496,18.0,9,2,5,1099.04,4,0.379,1
BG_TN_385,2025-10-12 19:59:27.928730512,67.58,22,95.276,79.1172,16.1588,16.96,9,2,7,990.7,0,0.749,1
BG_TN_386,2025-10-14 12:40:05.345211576,58.37,22,27.061,23.4189,3.6421,13.459,2,1,18,1065.43,4,0.243,1
BG_TN_387,2025-10-16 05:20:42.761692648,62.19,22,115.788,103.9834,11.8046,10.195,2,3,27,941.38,4,0.483,1
BG_TN_388,2025-10-17 22:01:20.178173712,69.76,22,29.268,25.7634,3.5046,11.974,1,1,11,922.5,2,0.679,0
BG_TN_389,2025-10-19 14:41:57.594654784,60.9,18,40.358,37.9208,2.4372,6.039,2,1,4,1068.75,0,0.278,0
BG_TN_390,2025-10-21 07:22:35.011135856,69.08,22,85.795,74.7849,11.0101,12.833,7,1,30,901.67,0,0.8,0
BG_TN_391,2025-10-23 00:03:12.427616920,67.4,22,35.866,29.4101,6.4559,18.0,8,2,30,916.35,4,0.896,1
BG_TN_392,2025-10-24 16:43:49.844097992,62.42,22,119.779,114.8345,4.9445,4.128,1,3,23,942.11,4,0.31,1
BG_TN_393,2025-10-26 09:24:27.260579064,64.53,22,66.135,58.052,8.083,12.222,7,1,28,933.76,2,0.495,0
BG_TN_394,2025-10-28 02:05:04.677060128,55.98,22,31.551,31.0777,0.4733,1.5,2,3,12,891.62,2,0.065,0
BG_TN_395,2025-10-29 18:45:42.093541200,62.75,22,40.677,37.2626,3.4144,8.394,2,3,17,922.43,3,0.414,1
BG_TN_396,2025-10-31 11:26:19.510022264,66.4,18,76.515,72.0672,4.4478,5.813,1,1,20,893.33,0,0.588,0
BG_TN_397,2025-11-02 04:06:56.926503336,58.46,22,107.678,88.296,19.382,18.0,10,1,14,983.16,3,0.196,1
BG_TN_398,2025-11-03 20:47:34.342984408,55.77,22,49.419,43.0158,6.4032,12.957,1,2,24,1023.64,2,0.93,1
BG_TN_399,2025-11-05 13:28:11.759465472,55.44,22,62.941,58.2525,4.6885,7.449,4,2,1,978.93,0,0.208,0
BG_TN_400,2025-11-07 06:08:49.175946544,57.4,18,79.052,64.8226,14.2294,18.0,5,1,4,867.67,4,0.505,1
BG_TN_401,2025-11-08 22:49:26.592427616,58.57,22,86.816,79.5052,7.3108,8.421,8,3,18,997.58,2,0.058,0
BG_TN_402,2025-11-10 15:30:04.008908680,67.08,22,93.711,83.8357,9.8753,10.538,8,1,6,1028.23,0,0.318,0
BG_TN_403,2025-11-12 08:10:41.425389752,61.89,22,55.852,45.7986,10.0534,18.0,8,2,12,894.2,3,0.773,1
BG_TN_404,2025-11-14 00:51:18.841870816,63.03,22,60.211,55.6711,4.5399,7.54,2,2,7,971.11,0,0.417,0
BG_TN_405,2025-11-15 17:31:56.258351888,59.7,18,107.992,89.48,18.512,17.142,10,3,30,1092.69,3,0.821,1
BG_TN_406,2025-11-17 10:12:33.674832960,59.48,22,111.078,96.2269,14.8511,13.37,1,1,4,1056.77,2,0.788,0
BG_TN_407,2025-11-19 02:53:11.091314024,63.3,18,64.653,61.902,2.751,4.255,4,3,28,963.97,2,0.441,0
BG_TN_408,2025-11-20 19:33:48.507795096,66.19,22,119.672,103.3021,16.3699,13.679,6,2,15,914.77,4,0.19,1
BG_TN_409,2025-11-22 12:14:25.924276168,57.71,22,41.642,36.6029,5.0391,12.101,8,3,25,890.07,2,0.779,0
BG_TN_410,2025-11-24 04:55:03.340757232,61.52,22,103.213,84.6347,18.5783,18.0,9,2,5,861.46,4,0.879,1
BG_TN_411,2025-11-25 21:35:40.757238304,64.66,22,111.348,91.3054,20.0426,18.0,9,2,20,908.6,4,0.269,1
BG_TN_412,2025-11-27 14:16:18.173719368,69.4,22,78.643,74.8894,3.7536,4.773,7,3,3,972.09,0,0.118,0
BG_TN_413,2025-11-29 06:56:55.590200440,59.04,18,90.733,78.5004,12.2326,13.482,1,2,12,974.63,2,0.81,0
BG_TN_414,2025-11-30 23:37:33.006681512,60.89,18,30.709,27.1993,3.5097,11.429,9,2,11,893.16,0,0.597,0
BG_TN_415,2025-12-02 16:18:10.423162576,63.54,22,105.05,96.1197,8.9303,8.501,6,3,21,963.6,3,0.284,1
BG_TN_416,2025-12-04 08:58:47.839643648,57.13,22,89.901,86.2618,3.6392,4.048,4,3,14,960.27,1,0.205,0
BG_TN_417,2025-12-06 01:39:25.256124720,64.17,22,79.95,72.6298,7.3202,9.156,2,1,19,1052.37,2,0.497,0
BG_TN_418,2025-12-07 18:20:02.672605784,69.62,22,80.217,66.8665,13.3505,16.643,2,2,12,1080.33,4,0.884,1
BG_TN_419,2025-12-09 11:00:40.089086856,59.1,22,40.194,36.5741,3.6199,9.006,8,1,21,1089.32,0,0.2,1
BG_TN_420,2025-12-11 03:41:17.505567928,62.21,22,105.494,86.5051,18.9889,18.0,5,1,22,971.76,4,0.7,1
BG_TN_421,2025-12-12 20:21:54.922048992,56.76,22,75.267,65.7141,9.5529,12.692,5,2,2,1062.75,3,0.278,1
BG_TN_422,2025-12-14 13:02:32.338530064,62.77,18,82.752,67.8566,14.8954,18.0,10,2,14,1005.05,2,0.583,1
BG_TN_423,2025-12-16 05:43:09.755011128,69.57,18,41.158,36.9694,4.1886,10.177,9,3,28,875.43,2,0.451,1
BG_TN_424,2025-12-17 22:23:47.171492200,63.14,18,84.672,73.3903,11.2817,13.324,4,1,20,868.22,2,0.56,1
BG_TN_425,2025-12-19 15:04:24.587973272,58.2,18,47.644,46.7645,0.8795,1.846,3,3,11,1001.27,1,0.172,0
BG_TN_426,2025-12-21 07:45:02.004454336,59.66,18,97.425,83.8128,13.6122,13.972,1,3,15,1020.42,4,0.827,1
BG_TN_427,2025-12-23 00:25:39.420935408,64.4,22,27.624,22.6517,4.9723,18.0,10,1,1,1012.91,3,0.936,1
BG_TN_428,2025-12-24 17:06:16.837416480,67.86,18,36.82,32.7882,4.0318,10.95,1,1,26,970.98,4,0.497,1
BG_TN_429,2025-12-26 09:46:54.253897544,61.8,22,45.058,37.4567,7.6013,16.87,6,2,14,998.17,3,0.413,1
BG_TN_430,2025-12-28 02:27:31.670378616,62.35,22,63.09,60.2535,2.8365,4.496,1,3,26,1015.77,2,0.761,0
BG_TN_431,2025-12-29 19:08:09.086859680,67.14,22,107.715,96.2638,11.4512,10.631,3,2,27,1025.88,4,0.201,1
BG_TN_432,2025-12-31 11:48:46.503340752,56.58,18,25.646,21.9543,3.6917,14.395,8,1,26,885.99,2,0.113,0
BG_TN_433,2026-01-02 04:29:23.919821824,69.27,22,77.814,63.8075,14.0065,18.0,10,3,23,969.01,3,0.695,1
BG_TN_434,2026-01-03 21:10:01.336302888,61.97,22,28.421,24.3014,4.1196,14.495,5,2,26,932.78,3,0.542,1
BG_TN_435,2026-01-05 13:50:38.752783960,59.97,22,61.064,50.0725,10.9915,18.0,6,2,10,970.88,3,0.619,1
BG_TN_436,2026-01-07 06:31:16.169265032,66.68,18,53.326,46.8485,6.4775,12.147,8,2,1,948.35,2,0.076,0
BG_TN_437,2026-01-08 23:11:53.585746096,58.85,22,40.593,33.2863,7.3067,18.0,9,2,24,868.22,4,0.827,1
BG_TN_438,2026-01-10 15:52:31.002227168,57.2,22,70.537,61.6564,8.8806,12.59,4,3,13,1047.49,4,0.651,1
BG_TN_439,2026-01-12 08:33:08.418708232,58.87,22,57.473,49.148,8.325,14.485,3,2,1,980.49,4,0.151,1
BG_TN_440,2026-01-14 01:13:45.835189304,65.09,22,49.877,40.9385,8.9385,17.921,7,2,11,1068.67,2,0.645,1
BG_TN_441,2026-01-15 17:54:23.251670376,56.51,22,83.11,68.1502,14.9598,18.0,3,2,4,860.79,3,0.932,1
BG_TN_442,2026-01-17 10:35:00.668151440,61.77,22,48.213,45.4306,2.7824,5.771,1,1,30,874.1,2,0.282,1
BG_TN_443,2026-01-19 03:15:38.084632512,58.53,22,117.341,100.1658,17.1752,14.637,2,1,14,881.52,2,0.899,1
BG_TN_444,2026-01-20 19:56:15.501113584,63.19,22,48.701,39.9348,8.7662,18.0,10,1,10,1067.54,0,0.914,1
BG_TN_445,2026-01-22 12:36:52.917594648,57.07,18,118.912,106.5689,12.3431,10.38,3,1,26,976.7,0,0.807,0
BG_TN_446,2026-01-24 05:17:30.334075720,66.61,22,40.33,37.3258,3.0042,7.449,4,1,26,1037.65,1,0.49,0
BG_TN_447,2026-01-25 21:58:07.750556784,68.86,22,115.241,109.0514,6.1896,5.371,4,3,24,869.3,1,0.452,1
BG_TN_448,2026-01-27 14:38:45.167037856,59.79,22,30.96,29.1615,1.7985,5.809,1,2,4,1036.54,0,0.376,0
BG_TN_449,2026-01-29 07:19:22.583518928,60.32,22,25.705,21.11,4.595,17.876,8,2,23,869.38,2,0.757,1
BG_TN_450,2026-01-31 00:00:00.000000000,63.97,22,34.261,28.094,6.167,18.0,10,2,8,1077.59,3,0.186,1
